Player,Mat,Inns,NO,Runs,HS,Ave,BF,SR,100,50,0,4s,6s,Start Date,Winner,Series,Team,Opposition,Venue
KK Ahmed,1,1,0,5,5,5,5,100,0,0,0,1,0,31-Jan-19,India,"India in New Zealand ODI Series, 2018/19",India,New Zealand,AWAY
Shubman Gill,2,2,0,16,9,8,32,50,0,0,0,2,0,31-Jan-19,India,"India in New Zealand ODI Series, 2018/19",India,New Zealand,AWAY
KD Karthik,2,2,1,38,38,38,41,92.68,0,0,1,5,1,28-Jan-19,India,"India in New Zealand ODI Series, 2018/19",India,New Zealand,AWAY
HH Pandya,3,2,0,61,45,30.5,42,145.23,0,0,0,6,5,28-Jan-19,India,"India in New Zealand ODI Series, 2018/19",India,New Zealand,AWAY
YS Chahal,5,2,2,18,18,,38,47.36,0,0,0,3,0,23-Jan-19,India,"India in New Zealand ODI Series, 2018/19",India,New Zealand,AWAY
S Dhawan,5,5,1,188,75,47,230,81.73,0,2,0,23,1,23-Jan-19,India,"India in New Zealand ODI Series, 2018/19",India,New Zealand,AWAY
MS Dhoni,3,2,1,49,48,49,39,125.64,0,0,0,5,1,23-Jan-19,India,"India in New Zealand ODI Series, 2018/19",India,New Zealand,AWAY
KM Jadhav,5,3,1,57,34,28.5,62,91.93,0,0,0,6,1,23-Jan-19,India,"India in New Zealand ODI Series, 2018/19",India,New Zealand,AWAY
V Kohli,3,3,0,148,60,49.33,178,83.14,0,1,0,14,1,23-Jan-19,India,"India in New Zealand ODI Series, 2018/19",India,New Zealand,AWAY
Kuldeep Yadav,4,1,0,15,15,15,33,45.45,0,0,0,1,0,23-Jan-19,India,"India in New Zealand ODI Series, 2018/19",India,New Zealand,AWAY
B Kumar,5,2,0,7,6,3.5,20,35,0,0,0,0,0,23-Jan-19,India,"India in New Zealand ODI Series, 2018/19",India,New Zealand,AWAY
Mohammed Shami,4,1,0,1,1,1,1,100,0,0,0,0,0,23-Jan-19,India,"India in New Zealand ODI Series, 2018/19",India,New Zealand,AWAY
AT Rayudu,5,5,2,190,90,63.33,231,82.25,0,1,1,18,6,23-Jan-19,India,"India in New Zealand ODI Series, 2018/19",India,New Zealand,AWAY
V Shankar,3,1,0,45,45,45,64,70.31,0,0,0,4,0,23-Jan-19,India,"India in New Zealand ODI Series, 2018/19",India,New Zealand,AWAY
RG Sharma,5,5,0,169,87,33.8,236,71.61,0,2,0,13,5,23-Jan-19,India,"India in New Zealand ODI Series, 2018/19",India,New Zealand,AWAY
KM Jadhav,1,1,1,61,61,,57,107.01,0,1,0,7,0,18-Jan-19,India,"India in Australia ODI Series, 2018/19",India,Australia,AWAY
YS Chahal,1,,,,,,,,,,,,,18-Jan-19,India,"India in Australia ODI Series, 2018/19",India,Australia,AWAY
V Shankar,1,,,,,,,,,,,,,18-Jan-19,India,"India in Australia ODI Series, 2018/19",India,Australia,AWAY
Mohammed Siraj,1,,,,,,,,,,,,,15-Jan-19,India,"India in Australia ODI Series, 2018/19",India,Australia,AWAY
S Dhawan,3,3,0,55,32,18.33,75,73.33,0,0,1,5,0,12-Jan-19,India,"India in Australia ODI Series, 2018/19",India,Australia,AWAY
MS Dhoni,3,3,2,193,87,193,264,73.1,0,3,0,9,3,12-Jan-19,India,"India in Australia ODI Series, 2018/19",India,Australia,AWAY
RA Jadeja,3,1,0,8,8,8,13,61.53,0,0,0,0,0,12-Jan-19,India,"India in Australia ODI Series, 2018/19",India,Australia,AWAY
KD Karthik,3,2,1,37,25,37,35,105.71,0,0,0,2,0,12-Jan-19,India,"India in Australia ODI Series, 2018/19",India,Australia,AWAY
V Kohli,3,3,0,153,104,51,182,84.06,1,0,0,8,2,12-Jan-19,India,"India in Australia ODI Series, 2018/19",India,Australia,AWAY
Kuldeep Yadav,2,1,0,3,3,3,6,50,0,0,0,0,0,12-Jan-19,India,"India in Australia ODI Series, 2018/19",India,Australia,AWAY
B Kumar,3,1,1,29,29,,23,126.08,0,0,0,4,0,12-Jan-19,India,"India in Australia ODI Series, 2018/19",India,Australia,AWAY
Mohammed Shami,3,1,0,1,1,1,2,50,0,0,0,0,0,12-Jan-19,India,"India in Australia ODI Series, 2018/19",India,Australia,AWAY
AT Rayudu,2,2,0,24,24,12,38,63.15,0,0,1,2,0,12-Jan-19,India,"India in Australia ODI Series, 2018/19",India,Australia,AWAY
RG Sharma,3,3,0,185,133,61.66,198,93.43,1,0,0,13,8,12-Jan-19,India,"India in Australia ODI Series, 2018/19",India,Australia,AWAY
KK Ahmed,1,,,,,,,,,,,,,12-Jan-19,India,"India in Australia ODI Series, 2018/19",India,Australia,AWAY
KM Jadhav,2,1,1,16,16,,7,228.57,0,0,0,3,0,29-Oct-18,India,"West Indies in India ODI Series, 2018/19",India,West Indies,HOME
JJ Bumrah,3,1,0,0,0,0,3,0,0,0,1,0,0,27-Oct-18,India,"West Indies in India ODI Series, 2018/19",India,West Indies,HOME
B Kumar,3,1,0,10,10,10,17,58.82,0,0,0,1,0,27-Oct-18,India,"West Indies in India ODI Series, 2018/19",India,West Indies,HOME
Kuldeep Yadav,4,1,1,15,15,,21,71.42,0,0,0,1,0,24-Oct-18,India,"West Indies in India ODI Series, 2018/19",India,West Indies,HOME
KK Ahmed,4,1,0,3,3,3,11,27.27,0,0,0,0,0,21-Oct-18,India,"West Indies in India ODI Series, 2018/19",India,West Indies,HOME
YS Chahal,3,1,0,3,3,3,5,60,0,0,0,0,0,21-Oct-18,India,"West Indies in India ODI Series, 2018/19",India,West Indies,HOME
S Dhawan,5,5,0,112,38,22.4,126,88.88,0,0,0,15,3,21-Oct-18,India,"West Indies in India ODI Series, 2018/19",India,West Indies,HOME
MS Dhoni,5,3,0,50,23,16.66,51,98.03,0,0,0,2,1,21-Oct-18,India,"West Indies in India ODI Series, 2018/19",India,West Indies,HOME
RA Jadeja,4,2,1,20,13,20,18,111.11,0,0,0,1,0,21-Oct-18,India,"West Indies in India ODI Series, 2018/19",India,West Indies,HOME
V Kohli,5,5,2,453,157,151,401,112.96,3,0,0,52,7,21-Oct-18,India,"West Indies in India ODI Series, 2018/19",India,West Indies,HOME
Mohammed Shami,2,1,1,0,0,,1,0,0,0,0,0,0,21-Oct-18,India,"West Indies in India ODI Series, 2018/19",India,West Indies,HOME
RR Pant,3,2,0,41,24,20.5,31,132.25,0,0,0,5,1,21-Oct-18,India,"West Indies in India ODI Series, 2018/19",India,West Indies,HOME
AT Rayudu,5,4,1,217,100,72.33,214,101.4,1,1,0,19,5,21-Oct-18,India,"West Indies in India ODI Series, 2018/19",India,West Indies,HOME
RG Sharma,5,5,2,389,162,129.66,327,118.96,2,1,0,43,16,21-Oct-18,India,"West Indies in India ODI Series, 2018/19",India,West Indies,HOME
UT Yadav,2,,,,,,,,,,,,,21-Oct-18,India,"West Indies in India ODI Series, 2018/19",India,West Indies,HOME
DL Chahar,1,1,0,12,12,12,14,85.71,0,0,0,1,0,25-Sep-18,India,"Asia Cup (Afghanistan, Bangladesh, Hong Kong, India, Pakistan, Sri Lanka in United Arab Emirates), 2018",India,Misc,AWAY
S Kaul,1,1,0,0,0,0,1,0,0,0,1,0,0,25-Sep-18,India,"Asia Cup (Afghanistan, Bangladesh, Hong Kong, India, Pakistan, Sri Lanka in United Arab Emirates), 2018",India,Misc,AWAY
MK Pandey,1,1,0,8,8,8,15,53.33,0,0,0,0,0,25-Sep-18,India,"Asia Cup (Afghanistan, Bangladesh, Hong Kong, India, Pakistan, Sri Lanka in United Arab Emirates), 2018",India,Misc,AWAY
KL Rahul,1,1,0,60,60,60,66,90.9,0,1,0,5,1,25-Sep-18,India,"Asia Cup (Afghanistan, Bangladesh, Hong Kong, India, Pakistan, Sri Lanka in United Arab Emirates), 2018",India,Misc,AWAY
RA Jadeja,4,2,0,48,25,24,67,71.64,0,0,0,2,0,21-Sep-18,India,"Asia Cup (Afghanistan, Bangladesh, Hong Kong, India, Pakistan, Sri Lanka in United Arab Emirates), 2018",India,Misc,AWAY
JJ Bumrah,4,,,,,,,,,,,,,19-Sep-18,India,"Asia Cup (Afghanistan, Bangladesh, Hong Kong, India, Pakistan, Sri Lanka in United Arab Emirates), 2018",India,Misc,AWAY
HH Pandya,1,,,,,,,,,,,,,19-Sep-18,India,"Asia Cup (Afghanistan, Bangladesh, Hong Kong, India, Pakistan, Sri Lanka in United Arab Emirates), 2018",India,Misc,AWAY
KK Ahmed,2,1,1,1,1,,1,100,0,0,0,0,0,18-Sep-18,India,"Asia Cup (Afghanistan, Bangladesh, Hong Kong, India, Pakistan, Sri Lanka in United Arab Emirates), 2018",India,Misc,AWAY
S Dhawan,5,5,0,342,127,68.4,335,102.08,2,0,0,44,6,18-Sep-18,India,"Asia Cup (Afghanistan, Bangladesh, Hong Kong, India, Pakistan, Sri Lanka in United Arab Emirates), 2018",India,Misc,AWAY
MS Dhoni,6,4,0,77,36,19.25,124,62.09,0,0,1,6,0,18-Sep-18,India,"Asia Cup (Afghanistan, Bangladesh, Hong Kong, India, Pakistan, Sri Lanka in United Arab Emirates), 2018",India,Misc,AWAY
KM Jadhav,6,3,2,70,28,70,80,87.5,0,0,0,3,2,18-Sep-18,India,"Asia Cup (Afghanistan, Bangladesh, Hong Kong, India, Pakistan, Sri Lanka in United Arab Emirates), 2018",India,Misc,AWAY
KD Karthik,6,5,2,146,44,48.66,205,71.21,0,0,0,10,2,18-Sep-18,India,"Asia Cup (Afghanistan, Bangladesh, Hong Kong, India, Pakistan, Sri Lanka in United Arab Emirates), 2018",India,Misc,AWAY
Kuldeep Yadav,6,3,2,14,9,14,16,87.5,0,0,0,0,0,18-Sep-18,India,"Asia Cup (Afghanistan, Bangladesh, Hong Kong, India, Pakistan, Sri Lanka in United Arab Emirates), 2018",India,Misc,AWAY
B Kumar,5,2,0,30,21,15,49,61.22,0,0,0,1,1,18-Sep-18,India,"Asia Cup (Afghanistan, Bangladesh, Hong Kong, India, Pakistan, Sri Lanka in United Arab Emirates), 2018",India,Misc,AWAY
AT Rayudu,6,6,2,175,60,43.75,218,80.27,0,2,0,12,6,18-Sep-18,India,"Asia Cup (Afghanistan, Bangladesh, Hong Kong, India, Pakistan, Sri Lanka in United Arab Emirates), 2018",India,Misc,AWAY
RG Sharma,5,5,2,317,111,105.66,339,93.51,1,2,0,25,13,18-Sep-18,India,"Asia Cup (Afghanistan, Bangladesh, Hong Kong, India, Pakistan, Sri Lanka in United Arab Emirates), 2018",India,Misc,AWAY
SN Thakur,1,1,0,0,0,0,3,0,0,0,1,0,0,18-Sep-18,India,"Asia Cup (Afghanistan, Bangladesh, Hong Kong, India, Pakistan, Sri Lanka in United Arab Emirates), 2018",India,Misc,AWAY
YS Chahal,5,,,,,,,,,,,,,18-Sep-18,India,"Asia Cup (Afghanistan, Bangladesh, Hong Kong, India, Pakistan, Sri Lanka in United Arab Emirates), 2018",India,Misc,AWAY
KD Karthik,1,1,0,21,21,21,22,95.45,0,0,0,3,0,17-Jul-18,England,"India in England ODI Series, 2018",India,England,AWAY
B Kumar,1,1,0,21,21,21,35,60,0,0,0,1,0,17-Jul-18,England,"India in England ODI Series, 2018",India,England,AWAY
SN Thakur,1,1,1,22,22,,13,169.23,0,0,0,0,2,17-Jul-18,England,"India in England ODI Series, 2018",India,England,AWAY
YS Chahal,3,1,0,12,12,12,12,100,0,0,0,2,0,12-Jul-18,England,"India in England ODI Series, 2018",India,England,AWAY
S Dhawan,3,3,0,120,44,40,106,113.2,0,0,0,21,0,12-Jul-18,England,"India in England ODI Series, 2018",India,England,AWAY
MS Dhoni,3,2,0,79,42,39.5,125,63.2,0,0,0,6,0,12-Jul-18,England,"India in England ODI Series, 2018",India,England,AWAY
S Kaul,2,1,0,1,1,1,2,50,0,0,0,0,0,12-Jul-18,England,"India in England ODI Series, 2018",India,England,AWAY
V Kohli,3,3,0,191,75,63.66,210,90.95,0,2,0,17,0,12-Jul-18,England,"India in England ODI Series, 2018",India,England,AWAY
Kuldeep Yadav,3,1,1,8,8,,26,30.76,0,0,0,0,0,12-Jul-18,England,"India in England ODI Series, 2018",India,England,AWAY
HH Pandya,3,2,0,42,21,21,43,97.67,0,0,0,3,0,12-Jul-18,England,"India in England ODI Series, 2018",India,England,AWAY
KL Rahul,2,2,1,9,9,9,20,45,0,0,1,0,0,12-Jul-18,England,"India in England ODI Series, 2018",India,England,AWAY
SK Raina,3,2,0,47,46,23.5,67,70.14,0,0,0,1,0,12-Jul-18,England,"India in England ODI Series, 2018",India,England,AWAY
RG Sharma,3,3,1,154,137,77,158,97.46,1,0,0,17,4,12-Jul-18,England,"India in England ODI Series, 2018",India,England,AWAY
UT Yadav,2,1,0,0,0,0,2,0,0,0,1,0,0,12-Jul-18,England,"India in England ODI Series, 2018",India,England,AWAY
SN Thakur,1,,,,,,,,,,,,,16-Feb-18,India,"India in South Africa ODI Series, 2017/18",India,South Africa,AWAY
SS Iyer,3,2,0,48,30,24,58,82.75,0,0,0,4,0,10-Feb-18,India,"India in South Africa ODI Series, 2017/18",India,South Africa,AWAY
S Dhawan,6,6,1,323,109,64.6,310,104.19,1,2,0,47,2,01-Feb-18,India,"India in South Africa ODI Series, 2017/18",India,South Africa,AWAY
MS Dhoni,6,4,2,69,42,34.5,85,81.17,0,0,0,5,1,01-Feb-18,India,"India in South Africa ODI Series, 2017/18",India,South Africa,AWAY
KM Jadhav,3,1,0,1,1,1,3,33.33,0,0,0,0,0,01-Feb-18,India,"India in South Africa ODI Series, 2017/18",India,South Africa,AWAY
V Kohli,6,6,3,558,160,186,561,99.46,3,1,0,54,6,01-Feb-18,India,"India in South Africa ODI Series, 2017/18",India,South Africa,AWAY
Kuldeep Yadav,6,2,2,2,2,,4,50,0,0,0,0,0,01-Feb-18,India,"India in South Africa ODI Series, 2017/18",India,South Africa,AWAY
B Kumar,5,3,2,40,19,40,46,86.95,0,0,0,3,0,01-Feb-18,India,"India in South Africa ODI Series, 2017/18",India,South Africa,AWAY
HH Pandya,6,4,1,26,14,8.66,35,74.28,0,0,1,1,1,01-Feb-18,India,"India in South Africa ODI Series, 2017/18",India,South Africa,AWAY
AM Rahane,6,5,1,140,79,35,182,76.92,0,1,0,9,2,01-Feb-18,India,"India in South Africa ODI Series, 2017/18",India,South Africa,AWAY
RG Sharma,6,6,0,170,115,28.33,205,82.92,1,0,1,19,6,01-Feb-18,India,"India in South Africa ODI Series, 2017/18",India,South Africa,AWAY
JJ Bumrah,6,,,,,,,,,,,,,01-Feb-18,India,"India in South Africa ODI Series, 2017/18",India,South Africa,AWAY
YS Chahal,6,,,,,,,,,,,,,01-Feb-18,India,"India in South Africa ODI Series, 2017/18",India,South Africa,AWAY
Washington Sundar,1,,,,,,,,,,,,,13-Dec-17,India,"Sri Lanka in India ODI Series, 2017/18",India,Sri Lanka,HOME
JJ Bumrah,3,1,0,0,0,0,15,0,0,0,1,0,0,10-Dec-17,India,"Sri Lanka in India ODI Series, 2017/18",India,Sri Lanka,HOME
YS Chahal,3,1,1,0,0,,9,0,0,0,0,0,0,10-Dec-17,India,"Sri Lanka in India ODI Series, 2017/18",India,Sri Lanka,HOME
S Dhawan,3,3,1,168,100,84,158,106.32,1,1,1,22,2,10-Dec-17,India,"Sri Lanka in India ODI Series, 2017/18",India,Sri Lanka,HOME
MS Dhoni,3,2,0,72,65,36,92,78.26,0,1,0,10,3,10-Dec-17,India,"Sri Lanka in India ODI Series, 2017/18",India,Sri Lanka,HOME
SS Iyer,3,3,0,162,88,54,160,101.25,0,2,0,18,3,10-Dec-17,India,"Sri Lanka in India ODI Series, 2017/18",India,Sri Lanka,HOME
KD Karthik,3,2,1,26,26,26,49,53.06,0,0,1,3,0,10-Dec-17,India,"Sri Lanka in India ODI Series, 2017/18",India,Sri Lanka,HOME
Kuldeep Yadav,2,1,0,19,19,19,25,76,0,0,0,4,0,10-Dec-17,India,"Sri Lanka in India ODI Series, 2017/18",India,Sri Lanka,HOME
B Kumar,3,1,0,0,0,0,5,0,0,0,1,0,0,10-Dec-17,India,"Sri Lanka in India ODI Series, 2017/18",India,Sri Lanka,HOME
MK Pandey,3,1,0,2,2,2,15,13.33,0,0,0,0,0,10-Dec-17,India,"Sri Lanka in India ODI Series, 2017/18",India,Sri Lanka,HOME
HH Pandya,3,2,0,18,10,9,15,120,0,0,0,3,0,10-Dec-17,India,"Sri Lanka in India ODI Series, 2017/18",India,Sri Lanka,HOME
RG Sharma,3,3,1,217,208,108.5,180,120.55,1,0,0,13,13,10-Dec-17,India,"Sri Lanka in India ODI Series, 2017/18",India,Sri Lanka,HOME
AR Patel,2,,,,,,,,,,,,,25-Oct-17,India,"New Zealand in India ODI Series, 2017/18",India,New Zealand,HOME
S Dhawan,3,3,0,91,68,30.33,116,78.44,0,1,0,9,2,22-Oct-17,India,"New Zealand in India ODI Series, 2017/18",India,New Zealand,HOME
MS Dhoni,3,3,1,68,25,34,80,85,0,0,0,8,0,22-Oct-17,India,"New Zealand in India ODI Series, 2017/18",India,New Zealand,HOME
KM Jadhav,3,2,0,30,18,15,35,85.71,0,0,0,2,1,22-Oct-17,India,"New Zealand in India ODI Series, 2017/18",India,New Zealand,HOME
KD Karthik,3,3,2,105,64,105,142,73.94,0,1,0,8,0,22-Oct-17,India,"New Zealand in India ODI Series, 2017/18",India,New Zealand,HOME
V Kohli,3,3,0,263,121,87.66,260,101.15,2,0,0,21,4,22-Oct-17,India,"New Zealand in India ODI Series, 2017/18",India,New Zealand,HOME
Kuldeep Yadav,1,1,1,0,0,,0,,0,0,0,0,0,22-Oct-17,India,"New Zealand in India ODI Series, 2017/18",India,New Zealand,HOME
B Kumar,3,1,0,26,26,26,15,173.33,0,0,0,2,2,22-Oct-17,India,"New Zealand in India ODI Series, 2017/18",India,New Zealand,HOME
HH Pandya,3,3,0,54,30,18,53,101.88,0,0,0,4,2,22-Oct-17,India,"New Zealand in India ODI Series, 2017/18",India,New Zealand,HOME
RG Sharma,3,3,0,174,147,58,175,99.42,1,0,0,19,4,22-Oct-17,India,"New Zealand in India ODI Series, 2017/18",India,New Zealand,HOME
JJ Bumrah,3,,,,,,,,,,,,,22-Oct-17,India,"New Zealand in India ODI Series, 2017/18",India,New Zealand,HOME
YS Chahal,3,,,,,,,,,,,,,22-Oct-17,India,"New Zealand in India ODI Series, 2017/18",India,New Zealand,HOME
Mohammed Shami,1,1,1,6,6,,6,100,0,0,0,1,0,28-Sep-17,India,"Australia in India ODI Series, 2017/18",India,Australia,HOME
AR Patel,2,1,0,5,5,5,6,83.33,0,0,0,0,0,28-Sep-17,India,"Australia in India ODI Series, 2017/18",India,Australia,HOME
UT Yadav,1,1,1,2,2,,2,100,0,0,0,0,0,28-Sep-17,India,"Australia in India ODI Series, 2017/18",India,Australia,HOME
JJ Bumrah,4,1,1,10,10,,6,166.66,0,0,0,2,0,17-Sep-17,India,"Australia in India ODI Series, 2017/18",India,Australia,HOME
YS Chahal,4,1,0,1,1,1,2,50,0,0,0,0,0,17-Sep-17,India,"Australia in India ODI Series, 2017/18",India,Australia,HOME
MS Dhoni,5,4,1,100,79,33.33,114,87.71,0,1,0,6,3,17-Sep-17,India,"Australia in India ODI Series, 2017/18",India,Australia,HOME
KM Jadhav,5,5,1,138,67,34.5,159,86.79,0,1,0,15,2,17-Sep-17,India,"Australia in India ODI Series, 2017/18",India,Australia,HOME
V Kohli,5,5,0,180,92,36,222,81.08,0,1,1,15,0,17-Sep-17,India,"Australia in India ODI Series, 2017/18",India,Australia,HOME
Kuldeep Yadav,4,2,1,0,0,0,2,0,0,0,1,0,0,17-Sep-17,India,"Australia in India ODI Series, 2017/18",India,Australia,HOME
B Kumar,4,2,1,52,32,52,63,82.53,0,0,0,6,0,17-Sep-17,India,"Australia in India ODI Series, 2017/18",India,Australia,HOME
MK Pandey,5,5,2,83,36,27.66,83,100,0,0,1,11,1,17-Sep-17,India,"Australia in India ODI Series, 2017/18",India,Australia,HOME
HH Pandya,5,4,0,222,83,55.5,204,108.82,0,2,0,13,12,17-Sep-17,India,"Australia in India ODI Series, 2017/18",India,Australia,HOME
AM Rahane,5,5,0,244,70,48.8,295,82.71,0,4,0,29,1,17-Sep-17,India,"Australia in India ODI Series, 2017/18",India,Australia,HOME
RG Sharma,5,5,0,296,125,59.2,284,104.22,1,2,0,22,14,17-Sep-17,India,"Australia in India ODI Series, 2017/18",India,Australia,HOME
AM Rahane,1,1,0,5,5,5,17,29.41,0,0,0,0,0,03-Sep-17,India,"India in Sri Lanka ODI Series, 2017",India,Sri Lanka,AWAY
MK Pandey,2,2,1,86,50,86,95,90.52,0,1,0,6,0,31-Aug-17,India,"India in Sri Lanka ODI Series, 2017",India,Sri Lanka,AWAY
Kuldeep Yadav,2,,,,,,,,,,,,,31-Aug-17,India,"India in Sri Lanka ODI Series, 2017",India,Sri Lanka,AWAY
SN Thakur,2,,,,,,,,,,,,,31-Aug-17,India,"India in Sri Lanka ODI Series, 2017",India,Sri Lanka,AWAY
S Dhawan,4,4,1,190,132,63.33,149,127.51,1,0,0,28,4,20-Aug-17,India,"India in Sri Lanka ODI Series, 2017",India,Sri Lanka,AWAY
MS Dhoni,5,4,4,162,67,,197,82.23,0,1,0,10,2,20-Aug-17,India,"India in Sri Lanka ODI Series, 2017",India,Sri Lanka,AWAY
KM Jadhav,4,3,0,64,63,21.33,78,82.05,0,1,1,7,0,20-Aug-17,India,"India in Sri Lanka ODI Series, 2017",India,Sri Lanka,AWAY
V Kohli,5,5,2,330,131,110,295,111.86,2,1,0,37,3,20-Aug-17,India,"India in Sri Lanka ODI Series, 2017",India,Sri Lanka,AWAY
B Kumar,4,1,1,53,53,,80,66.25,0,1,0,4,1,20-Aug-17,India,"India in Sri Lanka ODI Series, 2017",India,Sri Lanka,AWAY
HH Pandya,4,2,0,19,19,9.5,21,90.47,0,0,1,1,1,20-Aug-17,India,"India in Sri Lanka ODI Series, 2017",India,Sri Lanka,AWAY
AR Patel,4,1,0,6,6,6,9,66.66,0,0,0,0,0,20-Aug-17,India,"India in Sri Lanka ODI Series, 2017",India,Sri Lanka,AWAY
KL Rahul,4,3,0,28,17,9.33,38,73.68,0,0,0,2,0,20-Aug-17,India,"India in Sri Lanka ODI Series, 2017",India,Sri Lanka,AWAY
RG Sharma,5,5,1,302,124,75.5,311,97.1,2,1,0,33,8,20-Aug-17,India,"India in Sri Lanka ODI Series, 2017",India,Sri Lanka,AWAY
JJ Bumrah,5,,,,,,,,,,,,,20-Aug-17,India,"India in Sri Lanka ODI Series, 2017",India,Sri Lanka,AWAY
YS Chahal,4,,,,,,,,,,,,,20-Aug-17,India,"India in Sri Lanka ODI Series, 2017",India,Sri Lanka,AWAY
RA Jadeja,2,1,0,11,11,11,11,100,0,0,0,1,0,02-Jul-17,India,"India in West Indies ODI Series, 2017",India,West Indies,AWAY
KD Karthik,2,2,1,52,50,52,71,73.23,0,1,0,5,0,02-Jul-17,India,"India in West Indies ODI Series, 2017",India,West Indies,AWAY
Mohammed Shami,2,1,0,1,1,1,2,50,0,0,0,0,0,02-Jul-17,India,"India in West Indies ODI Series, 2017",India,West Indies,AWAY
S Dhawan,5,5,0,161,87,32.2,167,96.4,0,2,0,19,2,23-Jun-17,India,"India in West Indies ODI Series, 2017",India,West Indies,AWAY
MS Dhoni,5,4,3,154,78,154,215,71.62,0,2,0,7,2,23-Jun-17,India,"India in West Indies ODI Series, 2017",India,West Indies,AWAY
KM Jadhav,5,3,2,63,40,63,46,136.95,0,0,0,6,1,23-Jun-17,India,"India in West Indies ODI Series, 2017",India,West Indies,AWAY
V Kohli,5,5,2,244,111,81.33,262,93.12,1,1,0,19,6,23-Jun-17,India,"India in West Indies ODI Series, 2017",India,West Indies,AWAY
Kuldeep Yadav,5,1,1,2,2,,6,33.33,0,0,0,0,0,23-Jun-17,India,"India in West Indies ODI Series, 2017",India,West Indies,AWAY
HH Pandya,5,2,0,24,20,12,26,92.3,0,0,0,1,1,23-Jun-17,India,"India in West Indies ODI Series, 2017",India,West Indies,AWAY
AM Rahane,5,5,0,336,103,67.2,436,77.06,1,3,0,34,3,23-Jun-17,India,"India in West Indies ODI Series, 2017",India,West Indies,AWAY
UT Yadav,5,1,0,0,0,0,1,0,0,0,1,0,0,23-Jun-17,India,"India in West Indies ODI Series, 2017",India,West Indies,AWAY
Yuvraj Singh,3,3,0,57,39,19,75,76,0,0,0,5,0,23-Jun-17,India,"India in West Indies ODI Series, 2017",India,West Indies,AWAY
R Ashwin,3,,,,,,,,,,,,,23-Jun-17,India,"India in West Indies ODI Series, 2017",India,West Indies,AWAY
B Kumar,3,,,,,,,,,,,,,23-Jun-17,India,"India in West Indies ODI Series, 2017",India,West Indies,AWAY
R Ashwin,3,1,0,1,1,1,3,33.33,0,0,0,0,0,11-Jun-17,Pakistan,"ICC Champions Trophy (in England), 2017",India,Misc,AWAY
JJ Bumrah,5,1,0,1,1,1,9,11.11,0,0,0,0,0,04-Jun-17,Pakistan,"ICC Champions Trophy (in England), 2017",India,Misc,AWAY
S Dhawan,5,5,0,338,125,67.6,332,101.8,1,2,0,44,4,04-Jun-17,Pakistan,"ICC Champions Trophy (in England), 2017",India,Misc,AWAY
MS Dhoni,5,2,0,67,63,33.5,68,98.52,0,1,0,7,2,04-Jun-17,Pakistan,"ICC Champions Trophy (in England), 2017",India,Misc,AWAY
RA Jadeja,5,2,1,15,15,15,26,57.69,0,0,0,0,0,04-Jun-17,Pakistan,"ICC Champions Trophy (in England), 2017",India,Misc,AWAY
KM Jadhav,5,2,1,34,25,34,26,130.76,0,0,0,5,1,04-Jun-17,Pakistan,"ICC Champions Trophy (in England), 2017",India,Misc,AWAY
V Kohli,5,5,3,258,96,129,261,98.85,0,3,1,26,4,04-Jun-17,Pakistan,"ICC Champions Trophy (in England), 2017",India,Misc,AWAY
B Kumar,5,1,1,1,1,,8,12.5,0,0,0,0,0,04-Jun-17,Pakistan,"ICC Champions Trophy (in England), 2017",India,Misc,AWAY
HH Pandya,5,3,1,105,76,52.5,54,194.44,0,1,0,4,10,04-Jun-17,Pakistan,"ICC Champions Trophy (in England), 2017",India,Misc,AWAY
RG Sharma,5,5,1,304,123,76,350,86.85,1,2,1,29,7,04-Jun-17,Pakistan,"ICC Champions Trophy (in England), 2017",India,Misc,AWAY
Yuvraj Singh,5,4,1,105,53,35,106,99.05,0,1,0,13,2,04-Jun-17,Pakistan,"ICC Champions Trophy (in England), 2017",India,Misc,AWAY
UT Yadav,2,,,,,,,,,,,,,04-Jun-17,Pakistan,"ICC Champions Trophy (in England), 2017",India,Misc,AWAY
AM Rahane,1,1,0,1,1,1,6,16.66,0,0,0,0,0,22-Jan-17,India,"England in India ODI Series, 2016/17",India,England,HOME
B Kumar,2,1,1,0,0,,1,0,0,0,0,0,0,19-Jan-17,India,"England in India ODI Series, 2016/17",India,England,HOME
R Ashwin,3,2,1,16,15,16,13,123.07,0,0,0,0,1,15-Jan-17,India,"England in India ODI Series, 2016/17",India,England,HOME
JJ Bumrah,3,1,1,0,0,,0,,0,0,0,0,0,15-Jan-17,India,"England in India ODI Series, 2016/17",India,England,HOME
S Dhawan,2,2,0,12,11,6,25,48,0,0,0,2,0,15-Jan-17,India,"England in India ODI Series, 2016/17",India,England,HOME
MS Dhoni,3,3,0,165,134,55,164,100.6,1,0,0,12,7,15-Jan-17,India,"England in India ODI Series, 2016/17",India,England,HOME
RA Jadeja,3,3,1,39,16,19.5,29,134.48,0,0,0,5,1,15-Jan-17,India,"England in India ODI Series, 2016/17",India,England,HOME
KM Jadhav,3,3,0,232,120,77.33,161,144.09,1,1,0,27,6,15-Jan-17,India,"England in India ODI Series, 2016/17",India,England,HOME
V Kohli,3,3,0,185,122,61.66,173,106.93,1,1,0,18,5,15-Jan-17,India,"England in India ODI Series, 2016/17",India,England,HOME
HH Pandya,3,3,2,115,56,115,89,129.21,0,1,0,9,4,15-Jan-17,India,"England in India ODI Series, 2016/17",India,England,HOME
KL Rahul,3,3,0,24,11,8,34,70.58,0,0,0,3,1,15-Jan-17,India,"England in India ODI Series, 2016/17",India,England,HOME
Yuvraj Singh,3,3,0,210,150,70,196,107.14,1,0,0,28,5,15-Jan-17,India,"England in India ODI Series, 2016/17",India,England,HOME
UT Yadav,1,,,,,,,,,,,,,15-Jan-17,India,"England in India ODI Series, 2016/17",India,England,HOME
J Yadav,1,1,1,1,1,,1,100,0,0,0,0,0,29-Oct-16,India,"New Zealand in India ODI Series, 2016/17",India,New Zealand,HOME
DS Kulkarni,1,1,1,25,25,,26,96.15,0,0,0,2,1,26-Oct-16,India,"New Zealand in India ODI Series, 2016/17",India,New Zealand,HOME
JJ Bumrah,4,1,0,0,0,0,1,0,0,0,1,0,0,16-Oct-16,India,"New Zealand in India ODI Series, 2016/17",India,New Zealand,HOME
MS Dhoni,5,5,0,192,80,38.4,270,71.11,0,1,0,14,5,16-Oct-16,India,"New Zealand in India ODI Series, 2016/17",India,New Zealand,HOME
KM Jadhav,5,4,2,90,41,45,87,103.44,0,0,1,6,3,16-Oct-16,India,"New Zealand in India ODI Series, 2016/17",India,New Zealand,HOME
V Kohli,5,5,2,358,154,119.33,355,100.84,1,2,0,30,4,16-Oct-16,India,"New Zealand in India ODI Series, 2016/17",India,New Zealand,HOME
A Mishra,5,2,0,15,14,7.5,20,75,0,0,0,1,0,16-Oct-16,India,"New Zealand in India ODI Series, 2016/17",India,New Zealand,HOME
MK Pandey,5,5,1,76,28,19,98,77.55,0,0,1,6,1,16-Oct-16,India,"New Zealand in India ODI Series, 2016/17",India,New Zealand,HOME
HH Pandya,4,2,0,45,36,22.5,45,100,0,0,0,3,0,16-Oct-16,India,"New Zealand in India ODI Series, 2016/17",India,New Zealand,HOME
AR Patel,5,3,0,79,38,26.33,80,98.75,0,0,0,4,3,16-Oct-16,India,"New Zealand in India ODI Series, 2016/17",India,New Zealand,HOME
AM Rahane,5,5,0,143,57,28.6,202,70.79,0,1,0,16,3,16-Oct-16,India,"New Zealand in India ODI Series, 2016/17",India,New Zealand,HOME
RG Sharma,5,5,0,123,70,24.6,158,77.84,0,1,0,11,5,16-Oct-16,India,"New Zealand in India ODI Series, 2016/17",India,New Zealand,HOME
UT Yadav,5,2,1,25,18,25,35,71.42,0,0,0,1,0,16-Oct-16,India,"New Zealand in India ODI Series, 2016/17",India,New Zealand,HOME
FY Fazal,1,1,1,55,55,,61,90.16,0,1,0,7,1,15-Jun-16,India,"India in Zimbabwe ODI Series, 2016",India,Zimbabwe,AWAY
KK Nair,2,2,0,46,39,23,88,52.27,0,0,0,6,0,11-Jun-16,India,"India in Zimbabwe ODI Series, 2016",India,Zimbabwe,AWAY
MK Pandey,3,1,1,4,4,,1,400,0,0,0,1,0,11-Jun-16,India,"India in Zimbabwe ODI Series, 2016",India,Zimbabwe,AWAY
KL Rahul,3,3,2,196,100,196,235,83.4,1,1,0,15,3,11-Jun-16,India,"India in Zimbabwe ODI Series, 2016",India,Zimbabwe,AWAY
AT Rayudu,3,2,2,103,62,,164,62.8,0,1,0,12,0,11-Jun-16,India,"India in Zimbabwe ODI Series, 2016",India,Zimbabwe,AWAY
JJ Bumrah,3,,,,,,,,,,,,,11-Jun-16,India,"India in Zimbabwe ODI Series, 2016",India,Zimbabwe,AWAY
YS Chahal,3,,,,,,,,,,,,,11-Jun-16,India,"India in Zimbabwe ODI Series, 2016",India,Zimbabwe,AWAY
MS Dhoni,3,,,,,,,,,,,,,11-Jun-16,India,"India in Zimbabwe ODI Series, 2016",India,Zimbabwe,AWAY
KM Jadhav,3,,,,,,,,,,,,,11-Jun-16,India,"India in Zimbabwe ODI Series, 2016",India,Zimbabwe,AWAY
DS Kulkarni,3,,,,,,,,,,,,,11-Jun-16,India,"India in Zimbabwe ODI Series, 2016",India,Zimbabwe,AWAY
AR Patel,3,,,,,,,,,,,,,11-Jun-16,India,"India in Zimbabwe ODI Series, 2016",India,Zimbabwe,AWAY
BB Sran,3,,,,,,,,,,,,,11-Jun-16,India,"India in Zimbabwe ODI Series, 2016",India,Zimbabwe,AWAY
JJ Bumrah,1,,,,,,,,,,,,,23-Jan-16,Australia,"India in Australia ODI Series, 2015/16",India,Australia,AWAY
R Dhawan,3,2,1,12,9,12,13,92.3,0,0,0,1,0,17-Jan-16,Australia,"India in Australia ODI Series, 2015/16",India,Australia,AWAY
Gurkeerat Singh,3,3,1,13,8,6.5,13,100,0,0,0,2,0,17-Jan-16,Australia,"India in Australia ODI Series, 2015/16",India,Australia,AWAY
I Sharma,4,1,0,0,0,0,3,0,0,0,1,0,0,15-Jan-16,Australia,"India in Australia ODI Series, 2015/16",India,Australia,AWAY
R Ashwin,2,1,0,1,1,1,2,50,0,0,0,0,0,12-Jan-16,Australia,"India in Australia ODI Series, 2015/16",India,Australia,AWAY
S Dhawan,5,5,0,287,126,57.4,286,100.34,1,2,0,32,5,12-Jan-16,Australia,"India in Australia ODI Series, 2015/16",India,Australia,AWAY
MS Dhoni,5,5,0,86,34,17.2,77,111.68,0,0,1,4,4,12-Jan-16,Australia,"India in Australia ODI Series, 2015/16",India,Australia,AWAY
RA Jadeja,5,4,3,45,24,45,42,107.14,0,0,0,2,0,12-Jan-16,Australia,"India in Australia ODI Series, 2015/16",India,Australia,AWAY
V Kohli,5,5,0,381,117,76.2,384,99.21,2,2,0,32,4,12-Jan-16,Australia,"India in Australia ODI Series, 2015/16",India,Australia,AWAY
B Kumar,2,1,0,2,2,2,6,33.33,0,0,0,0,0,12-Jan-16,Australia,"India in Australia ODI Series, 2015/16",India,Australia,AWAY
MK Pandey,3,2,1,110,104,110,86,127.9,1,0,0,9,1,12-Jan-16,Australia,"India in Australia ODI Series, 2015/16",India,Australia,AWAY
AM Rahane,4,3,0,141,89,47,138,102.17,0,2,0,10,2,12-Jan-16,Australia,"India in Australia ODI Series, 2015/16",India,Australia,AWAY
RG Sharma,5,5,1,441,171,110.25,434,101.61,2,1,0,35,14,12-Jan-16,Australia,"India in Australia ODI Series, 2015/16",India,Australia,AWAY
UT Yadav,5,2,1,2,2,2,11,18.18,0,0,0,0,0,12-Jan-16,Australia,"India in Australia ODI Series, 2015/16",India,Australia,AWAY
BB Sran,3,,,,,,,,,,,,,12-Jan-16,Australia,"India in Australia ODI Series, 2015/16",India,Australia,AWAY
Harbhajan Singh,4,4,1,42,22,14,44,95.45,0,0,2,3,1,14-Oct-15,South Africa,"South Africa in India ODI Series, 2015/16",India,South Africa,HOME
AR Patel,4,4,2,37,15,18.5,50,74,0,0,0,0,2,14-Oct-15,South Africa,"South Africa in India ODI Series, 2015/16",India,South Africa,HOME
MM Sharma,4,2,2,0,0,,5,0,0,0,0,0,0,14-Oct-15,South Africa,"South Africa in India ODI Series, 2015/16",India,South Africa,HOME
STR Binny,1,1,0,2,2,2,5,40,0,0,0,0,0,11-Oct-15,South Africa,"South Africa in India ODI Series, 2015/16",India,South Africa,HOME
S Dhawan,5,5,0,126,60,25.2,165,76.36,0,1,0,19,0,11-Oct-15,South Africa,"South Africa in India ODI Series, 2015/16",India,South Africa,HOME
MS Dhoni,5,5,1,212,92,53,222,95.49,0,1,0,17,4,11-Oct-15,South Africa,"South Africa in India ODI Series, 2015/16",India,South Africa,HOME
V Kohli,5,5,0,245,138,49,281,87.18,1,1,0,11,6,11-Oct-15,South Africa,"South Africa in India ODI Series, 2015/16",India,South Africa,HOME
B Kumar,5,4,1,16,14,5.33,42,38.09,0,0,1,1,0,11-Oct-15,South Africa,"South Africa in India ODI Series, 2015/16",India,South Africa,HOME
A Mishra,4,2,1,4,4,4,7,57.14,0,0,0,1,0,11-Oct-15,South Africa,"South Africa in India ODI Series, 2015/16",India,South Africa,HOME
AM Rahane,5,5,0,247,87,49.4,263,93.91,0,3,0,24,3,11-Oct-15,South Africa,"South Africa in India ODI Series, 2015/16",India,South Africa,HOME
SK Raina,5,5,0,68,53,13.6,75,90.66,0,1,2,4,2,11-Oct-15,South Africa,"South Africa in India ODI Series, 2015/16",India,South Africa,HOME
RG Sharma,5,5,0,255,150,51,256,99.6,1,1,0,27,8,11-Oct-15,South Africa,"South Africa in India ODI Series, 2015/16",India,South Africa,HOME
UT Yadav,2,1,0,4,4,4,3,133.33,0,0,0,1,0,11-Oct-15,South Africa,"South Africa in India ODI Series, 2015/16",India,South Africa,HOME
R Ashwin,1,,,,,,,,,,,,,11-Oct-15,South Africa,"South Africa in India ODI Series, 2015/16",India,South Africa,HOME
MK Pandey,1,1,0,71,71,71,86,82.55,0,1,0,4,1,14-Jul-15,India,"India in Zimbabwe ODI Series, 2015",India,Zimbabwe,AWAY
MM Sharma,1,,,,,,,,,,,,,14-Jul-15,India,"India in Zimbabwe ODI Series, 2015",India,Zimbabwe,AWAY
STR Binny,3,3,1,120,77,60,100,120,0,1,0,11,3,10-Jul-15,India,"India in Zimbabwe ODI Series, 2015",India,Zimbabwe,AWAY
Harbhajan Singh,3,1,1,5,5,,4,125,0,0,0,0,0,10-Jul-15,India,"India in Zimbabwe ODI Series, 2015",India,Zimbabwe,AWAY
KM Jadhav,3,3,1,126,105,63,113,111.5,1,0,0,14,1,10-Jul-15,India,"India in Zimbabwe ODI Series, 2015",India,Zimbabwe,AWAY
B Kumar,3,1,1,0,0,,0,,0,0,0,0,0,10-Jul-15,India,"India in Zimbabwe ODI Series, 2015",India,Zimbabwe,AWAY
AR Patel,3,2,1,3,2,3,5,60,0,0,0,0,0,10-Jul-15,India,"India in Zimbabwe ODI Series, 2015",India,Zimbabwe,AWAY
AM Rahane,3,3,0,112,63,37.33,154,72.72,0,1,0,13,0,10-Jul-15,India,"India in Zimbabwe ODI Series, 2015",India,Zimbabwe,AWAY
AT Rayudu,2,2,1,165,124,165,183,90.16,1,0,0,15,1,10-Jul-15,India,"India in Zimbabwe ODI Series, 2015",India,Zimbabwe,AWAY
MK Tiwary,3,3,0,34,22,11.33,73,46.57,0,0,0,0,1,10-Jul-15,India,"India in Zimbabwe ODI Series, 2015",India,Zimbabwe,AWAY
RV Uthappa,3,3,0,44,31,14.66,58,75.86,0,0,1,4,0,10-Jul-15,India,"India in Zimbabwe ODI Series, 2015",India,Zimbabwe,AWAY
M Vijay,3,3,0,86,72,28.66,125,68.8,0,1,0,3,2,10-Jul-15,India,"India in Zimbabwe ODI Series, 2015",India,Zimbabwe,AWAY
DS Kulkarni,2,,,,,,,,,,,,,10-Jul-15,India,"India in Zimbabwe ODI Series, 2015",India,Zimbabwe,AWAY
STR Binny,1,1,1,17,17,,11,154.54,0,0,0,2,0,24-Jun-15,Bangladesh,"India in Bangladesh ODI Series, 2015",India,Bangladesh,AWAY
DS Kulkarni,2,1,1,2,2,,2,100,0,0,0,0,0,21-Jun-15,Bangladesh,"India in Bangladesh ODI Series, 2015",India,Bangladesh,AWAY
AR Patel,2,2,1,10,10,10,6,166.66,0,0,1,0,1,21-Jun-15,Bangladesh,"India in Bangladesh ODI Series, 2015",India,Bangladesh,AWAY
AT Rayudu,2,2,0,44,44,22,52,84.61,0,0,1,3,0,21-Jun-15,Bangladesh,"India in Bangladesh ODI Series, 2015",India,Bangladesh,AWAY
R Ashwin,3,2,0,4,4,2,11,36.36,0,0,1,0,0,18-Jun-15,Bangladesh,"India in Bangladesh ODI Series, 2015",India,Bangladesh,AWAY
S Dhawan,3,3,0,158,75,52.66,171,92.39,0,2,0,20,0,18-Jun-15,Bangladesh,"India in Bangladesh ODI Series, 2015",India,Bangladesh,AWAY
MS Dhoni,3,3,0,121,69,40.33,159,76.1,0,1,0,9,1,18-Jun-15,Bangladesh,"India in Bangladesh ODI Series, 2015",India,Bangladesh,AWAY
RA Jadeja,2,2,0,51,32,25.5,68,75,0,0,0,3,0,18-Jun-15,Bangladesh,"India in Bangladesh ODI Series, 2015",India,Bangladesh,AWAY
V Kohli,3,3,0,49,25,16.33,66,74.24,0,0,0,4,1,18-Jun-15,Bangladesh,"India in Bangladesh ODI Series, 2015",India,Bangladesh,AWAY
B Kumar,2,2,1,28,25,28,31,90.32,0,0,0,2,1,18-Jun-15,Bangladesh,"India in Bangladesh ODI Series, 2015",India,Bangladesh,AWAY
AM Rahane,1,1,0,9,9,9,25,36,0,0,0,1,0,18-Jun-15,Bangladesh,"India in Bangladesh ODI Series, 2015",India,Bangladesh,AWAY
SK Raina,3,3,0,112,40,37.33,116,96.55,0,0,0,7,4,18-Jun-15,Bangladesh,"India in Bangladesh ODI Series, 2015",India,Bangladesh,AWAY
MM Sharma,1,1,0,11,11,11,19,57.89,0,0,0,2,0,18-Jun-15,Bangladesh,"India in Bangladesh ODI Series, 2015",India,Bangladesh,AWAY
RG Sharma,3,3,0,92,63,30.66,99,92.92,0,1,1,6,2,18-Jun-15,Bangladesh,"India in Bangladesh ODI Series, 2015",India,Bangladesh,AWAY
UT Yadav,2,1,0,2,2,2,11,18.18,0,0,0,0,0,18-Jun-15,Bangladesh,"India in Bangladesh ODI Series, 2015",India,Bangladesh,AWAY
B Kumar,1,,,,,,,,,,,,,28-Feb-15,Australia,"ICC Cricket World Cup (in Australia/New Zealand), 2014/15",India,Misc,AWAY
R Ashwin,8,5,4,30,16,30,54,55.55,0,0,0,0,0,15-Feb-15,Australia,"ICC Cricket World Cup (in Australia/New Zealand), 2014/15",India,Misc,AWAY
S Dhawan,8,8,0,412,137,51.5,449,91.75,2,1,0,48,9,15-Feb-15,Australia,"ICC Cricket World Cup (in Australia/New Zealand), 2014/15",India,Misc,AWAY
MS Dhoni,8,6,2,237,85,59.25,232,102.15,0,2,0,18,6,15-Feb-15,Australia,"ICC Cricket World Cup (in Australia/New Zealand), 2014/15",India,Misc,AWAY
RA Jadeja,8,5,1,57,23,14.25,59,96.61,0,0,0,8,0,15-Feb-15,Australia,"ICC Cricket World Cup (in Australia/New Zealand), 2014/15",India,Misc,AWAY
V Kohli,8,8,2,305,107,50.83,374,81.55,1,0,0,29,1,15-Feb-15,Australia,"ICC Cricket World Cup (in Australia/New Zealand), 2014/15",India,Misc,AWAY
Mohammed Shami,7,3,3,8,4,,9,88.88,0,0,0,1,0,15-Feb-15,Australia,"ICC Cricket World Cup (in Australia/New Zealand), 2014/15",India,Misc,AWAY
AM Rahane,8,7,1,208,79,34.66,252,82.53,0,1,1,21,3,15-Feb-15,Australia,"ICC Cricket World Cup (in Australia/New Zealand), 2014/15",India,Misc,AWAY
SK Raina,8,6,1,284,110,56.8,258,110.07,1,2,0,25,8,15-Feb-15,Australia,"ICC Cricket World Cup (in Australia/New Zealand), 2014/15",India,Misc,AWAY
MM Sharma,8,1,0,0,0,0,1,0,0,0,1,0,0,15-Feb-15,Australia,"ICC Cricket World Cup (in Australia/New Zealand), 2014/15",India,Misc,AWAY
RG Sharma,8,8,1,330,137,47.14,360,91.66,1,2,1,33,9,15-Feb-15,Australia,"ICC Cricket World Cup (in Australia/New Zealand), 2014/15",India,Misc,AWAY
UT Yadav,8,1,0,0,0,0,5,0,0,0,1,0,0,15-Feb-15,Australia,"ICC Cricket World Cup (in Australia/New Zealand), 2014/15",India,Misc,AWAY
MM Sharma,1,1,1,7,7,,6,116.66,0,0,0,1,0,30-Jan-15,Australia,"Carlton Mid One-Day International Tri-Series (Australia, England, India in Australia), 2014/15",India,Misc,AWAY
RA Jadeja,2,1,0,5,5,5,9,55.55,0,0,0,0,0,26-Jan-15,Australia,"Carlton Mid One-Day International Tri-Series (Australia, England, India in Australia), 2014/15",India,Misc,AWAY
I Sharma,1,,,,,,,,,,,,,26-Jan-15,Australia,"Carlton Mid One-Day International Tri-Series (Australia, England, India in Australia), 2014/15",India,Misc,AWAY
STR Binny,3,2,0,51,44,25.5,67,76.11,0,0,0,4,2,20-Jan-15,Australia,"Carlton Mid One-Day International Tri-Series (Australia, England, India in Australia), 2014/15",India,Misc,AWAY
AT Rayudu,3,3,0,58,23,19.33,94,61.7,0,0,0,5,1,20-Jan-15,Australia,"Carlton Mid One-Day International Tri-Series (Australia, England, India in Australia), 2014/15",India,Misc,AWAY
R Ashwin,1,1,1,14,14,,20,70,0,0,0,0,0,18-Jan-15,Australia,"Carlton Mid One-Day International Tri-Series (Australia, England, India in Australia), 2014/15",India,Misc,AWAY
S Dhawan,4,4,0,49,38,12.25,87,56.32,0,0,0,4,0,18-Jan-15,Australia,"Carlton Mid One-Day International Tri-Series (Australia, England, India in Australia), 2014/15",India,Misc,AWAY
MS Dhoni,4,3,0,70,34,23.33,124,56.45,0,0,0,6,0,18-Jan-15,Australia,"Carlton Mid One-Day International Tri-Series (Australia, England, India in Australia), 2014/15",India,Misc,AWAY
V Kohli,4,4,1,24,9,8,52,46.15,0,0,0,0,0,18-Jan-15,Australia,"Carlton Mid One-Day International Tri-Series (Australia, England, India in Australia), 2014/15",India,Misc,AWAY
B Kumar,2,2,0,5,5,2.5,6,83.33,0,0,1,0,0,18-Jan-15,Australia,"Carlton Mid One-Day International Tri-Series (Australia, England, India in Australia), 2014/15",India,Misc,AWAY
Mohammed Shami,4,3,1,28,25,14,28,100,0,0,0,3,1,18-Jan-15,Australia,"Carlton Mid One-Day International Tri-Series (Australia, England, India in Australia), 2014/15",India,Misc,AWAY
AR Patel,4,3,0,1,1,0.33,8,12.5,0,0,2,0,0,18-Jan-15,Australia,"Carlton Mid One-Day International Tri-Series (Australia, England, India in Australia), 2014/15",India,Misc,AWAY
AM Rahane,4,4,1,146,73,48.66,213,68.54,0,1,0,8,2,18-Jan-15,Australia,"Carlton Mid One-Day International Tri-Series (Australia, England, India in Australia), 2014/15",India,Misc,AWAY
SK Raina,4,3,0,53,51,17.66,71,74.64,0,1,0,6,0,18-Jan-15,Australia,"Carlton Mid One-Day International Tri-Series (Australia, England, India in Australia), 2014/15",India,Misc,AWAY
RG Sharma,1,1,0,138,138,138,139,99.28,1,0,0,9,4,18-Jan-15,Australia,"Carlton Mid One-Day International Tri-Series (Australia, England, India in Australia), 2014/15",India,Misc,AWAY
UT Yadav,2,1,1,0,0,,0,,0,0,0,0,0,18-Jan-15,Australia,"Carlton Mid One-Day International Tri-Series (Australia, England, India in Australia), 2014/15",India,Misc,AWAY
KM Jadhav,1,1,0,20,20,20,24,83.33,0,0,0,3,0,16-Nov-14,India,"Sri Lanka in India ODI Series, 2014/15",India,Sri Lanka,HOME
STR Binny,2,1,0,12,12,12,15,80,0,0,0,2,0,13-Nov-14,India,"Sri Lanka in India ODI Series, 2014/15",India,Sri Lanka,HOME
RG Sharma,2,2,0,273,264,136.5,185,147.56,1,0,0,35,9,13-Nov-14,India,"Sri Lanka in India ODI Series, 2014/15",India,Sri Lanka,HOME
RV Uthappa,2,2,1,35,19,35,37,94.59,0,0,0,3,0,13-Nov-14,India,"Sri Lanka in India ODI Series, 2014/15",India,Sri Lanka,HOME
KV Sharma,2,,,,,,,,,,,,,13-Nov-14,India,"Sri Lanka in India ODI Series, 2014/15",India,Sri Lanka,HOME
DS Kulkarni,3,,,,,,,,,,,,,09-Nov-14,India,"Sri Lanka in India ODI Series, 2014/15",India,Sri Lanka,HOME
RA Jadeja,1,1,1,1,1,,1,100,0,0,0,0,0,06-Nov-14,India,"Sri Lanka in India ODI Series, 2014/15",India,Sri Lanka,HOME
R Ashwin,4,1,0,0,0,0,1,0,0,0,1,0,0,02-Nov-14,India,"Sri Lanka in India ODI Series, 2014/15",India,Sri Lanka,HOME
S Dhawan,3,3,0,283,113,94.33,266,106.39,1,2,0,29,5,02-Nov-14,India,"Sri Lanka in India ODI Series, 2014/15",India,Sri Lanka,HOME
V Kohli,5,5,1,329,139,82.25,316,104.11,1,2,0,26,6,02-Nov-14,India,"Sri Lanka in India ODI Series, 2014/15",India,Sri Lanka,HOME
AR Patel,5,2,2,31,17,,18,172.22,0,0,0,2,2,02-Nov-14,India,"Sri Lanka in India ODI Series, 2014/15",India,Sri Lanka,HOME
AM Rahane,5,5,0,180,111,36,208,86.53,1,0,0,25,2,02-Nov-14,India,"Sri Lanka in India ODI Series, 2014/15",India,Sri Lanka,HOME
SK Raina,4,4,1,95,52,31.66,68,139.7,0,1,0,6,6,02-Nov-14,India,"Sri Lanka in India ODI Series, 2014/15",India,Sri Lanka,HOME
AT Rayudu,5,5,1,250,121,62.5,272,91.91,1,1,0,24,5,02-Nov-14,India,"Sri Lanka in India ODI Series, 2014/15",India,Sri Lanka,HOME
WP Saha,3,2,2,16,10,,18,88.88,0,0,0,2,0,02-Nov-14,India,"Sri Lanka in India ODI Series, 2014/15",India,Sri Lanka,HOME
VR Aaron,1,,,,,,,,,,,,,02-Nov-14,India,"Sri Lanka in India ODI Series, 2014/15",India,Sri Lanka,HOME
I Sharma,3,,,,,,,,,,,,,02-Nov-14,India,"Sri Lanka in India ODI Series, 2014/15",India,Sri Lanka,HOME
UT Yadav,4,,,,,,,,,,,,,02-Nov-14,India,"Sri Lanka in India ODI Series, 2014/15",India,Sri Lanka,HOME
AR Patel,1,,,,,,,,,,,,,17-Oct-14,India,"West Indies in India ODI Series, 2014/15",India,West Indies,HOME
UT Yadav,2,,,,,,,,,,,,,11-Oct-14,India,"West Indies in India ODI Series, 2014/15",India,West Indies,HOME
S Dhawan,3,3,0,104,68,34.66,136,76.47,0,1,0,15,1,08-Oct-14,India,"West Indies in India ODI Series, 2014/15",India,West Indies,HOME
MS Dhoni,3,3,1,65,51,32.5,66,98.48,0,1,0,5,1,08-Oct-14,India,"West Indies in India ODI Series, 2014/15",India,West Indies,HOME
RA Jadeja,3,3,1,41,33,20.5,54,75.92,0,0,0,2,1,08-Oct-14,India,"West Indies in India ODI Series, 2014/15",India,West Indies,HOME
V Kohli,3,3,0,191,127,63.66,197,96.95,1,1,0,18,3,08-Oct-14,India,"West Indies in India ODI Series, 2014/15",India,West Indies,HOME
B Kumar,3,2,0,20,18,10,24,83.33,0,0,0,1,0,08-Oct-14,India,"West Indies in India ODI Series, 2014/15",India,West Indies,HOME
A Mishra,2,1,0,5,5,5,13,38.46,0,0,0,1,0,08-Oct-14,India,"West Indies in India ODI Series, 2014/15",India,West Indies,HOME
Mohammed Shami,3,2,1,20,19,20,18,111.11,0,0,0,2,1,08-Oct-14,India,"West Indies in India ODI Series, 2014/15",India,West Indies,HOME
AM Rahane,3,3,0,104,68,34.66,129,80.62,0,1,0,12,0,08-Oct-14,India,"West Indies in India ODI Series, 2014/15",India,West Indies,HOME
SK Raina,3,3,0,133,71,44.33,120,110.83,0,2,1,8,7,08-Oct-14,India,"West Indies in India ODI Series, 2014/15",India,West Indies,HOME
AT Rayudu,3,3,1,57,32,28.5,82,69.51,0,0,0,4,1,08-Oct-14,India,"West Indies in India ODI Series, 2014/15",India,West Indies,HOME
MM Sharma,1,1,0,8,8,8,7,114.28,0,0,0,2,0,08-Oct-14,India,"West Indies in India ODI Series, 2014/15",India,West Indies,HOME
UT Yadav,1,1,1,0,0,,2,0,0,0,0,0,0,05-Sep-14,India,"India in England ODI Series, 2014",India,England,AWAY
DS Kulkarni,1,,,,,,,,,,,,,02-Sep-14,India,"India in England ODI Series, 2014",India,England,AWAY
AT Rayudu,3,2,1,117,64,117,143,81.81,0,2,0,9,2,30-Aug-14,India,"India in England ODI Series, 2014",India,England,AWAY
R Ashwin,4,2,1,26,16,26,24,108.33,0,0,0,3,0,27-Aug-14,India,"India in England ODI Series, 2014",India,England,AWAY
S Dhawan,4,4,1,155,97,51.66,170,91.17,0,1,0,18,5,27-Aug-14,India,"India in England ODI Series, 2014",India,England,AWAY
MS Dhoni,4,2,0,81,52,40.5,93,87.09,0,1,0,7,1,27-Aug-14,India,"India in England ODI Series, 2014",India,England,AWAY
RA Jadeja,4,3,2,108,87,108,88,122.72,0,1,0,10,2,27-Aug-14,India,"India in England ODI Series, 2014",India,England,AWAY
V Kohli,4,4,1,54,40,18,77,70.12,0,0,1,4,1,27-Aug-14,India,"India in England ODI Series, 2014",India,England,AWAY
B Kumar,4,1,0,1,1,1,3,33.33,0,0,0,0,0,27-Aug-14,India,"India in England ODI Series, 2014",India,England,AWAY
Mohammed Shami,4,1,0,0,0,0,2,0,0,0,1,0,0,27-Aug-14,India,"India in England ODI Series, 2014",India,England,AWAY
AM Rahane,4,4,0,192,106,48,206,93.2,1,0,1,20,5,27-Aug-14,India,"India in England ODI Series, 2014",India,England,AWAY
SK Raina,4,3,0,160,100,53.33,140,114.28,1,0,0,19,3,27-Aug-14,India,"India in England ODI Series, 2014",India,England,AWAY
RG Sharma,1,1,0,52,52,52,87,59.77,0,1,0,4,1,27-Aug-14,India,"India in England ODI Series, 2014",India,England,AWAY
MM Sharma,2,,,,,,,,,,,,,27-Aug-14,India,"India in England ODI Series, 2014",India,England,AWAY
MK Tiwary,1,1,0,2,2,2,6,33.33,0,0,0,0,0,19-Jun-14,India,"India in Bangladesh ODI Series, 2014",India,Bangladesh,AWAY
STR Binny,2,2,1,28,25,28,44,63.63,0,0,0,4,0,17-Jun-14,India,"India in Bangladesh ODI Series, 2014",India,Bangladesh,AWAY
A Mishra,2,1,0,4,4,4,16,25,0,0,0,0,0,15-Jun-14,India,"India in Bangladesh ODI Series, 2014",India,Bangladesh,AWAY
AR Patel,3,2,0,9,8,4.5,8,112.5,0,0,0,2,0,15-Jun-14,India,"India in Bangladesh ODI Series, 2014",India,Bangladesh,AWAY
CA Pujara,3,3,0,38,27,12.66,102,37.25,0,0,1,2,0,15-Jun-14,India,"India in Bangladesh ODI Series, 2014",India,Bangladesh,AWAY
AM Rahane,3,3,0,67,64,22.33,89,75.28,0,1,1,5,2,15-Jun-14,India,"India in Bangladesh ODI Series, 2014",India,Bangladesh,AWAY
SK Raina,3,3,1,67,27,33.5,59,113.55,0,0,0,9,0,15-Jun-14,India,"India in Bangladesh ODI Series, 2014",India,Bangladesh,AWAY
AT Rayudu,3,3,1,18,16,9,32,56.25,0,0,0,2,0,15-Jun-14,India,"India in Bangladesh ODI Series, 2014",India,Bangladesh,AWAY
WP Saha,3,2,0,21,16,10.5,33,63.63,0,0,0,3,0,15-Jun-14,India,"India in Bangladesh ODI Series, 2014",India,Bangladesh,AWAY
MM Sharma,3,2,1,5,4,5,23,21.73,0,0,0,0,0,15-Jun-14,India,"India in Bangladesh ODI Series, 2014",India,Bangladesh,AWAY
RV Uthappa,3,3,0,69,50,23,81,85.18,0,1,0,6,3,15-Jun-14,India,"India in Bangladesh ODI Series, 2014",India,Bangladesh,AWAY
UT Yadav,3,2,1,17,17,17,15,113.33,0,0,0,2,1,15-Jun-14,India,"India in Bangladesh ODI Series, 2014",India,Bangladesh,AWAY
Parvez Rasool,1,,,,,,,,,,,,,15-Jun-14,India,"India in Bangladesh ODI Series, 2014",India,Bangladesh,AWAY
A Mishra,2,1,1,1,1,,1,100,0,0,0,0,0,02-Mar-14,Sri Lanka,"Asia Cup (Afghanistan, Bangladesh, India, Pakistan, Sri Lanka in Bangladesh), 2013/14",India,Misc,AWAY
STR Binny,1,1,0,0,0,0,4,0,0,0,1,0,0,28-Feb-14,Sri Lanka,"Asia Cup (Afghanistan, Bangladesh, India, Pakistan, Sri Lanka in Bangladesh), 2013/14",India,Misc,AWAY
R Ashwin,4,2,0,27,18,13.5,23,117.39,0,0,0,4,0,26-Feb-14,Sri Lanka,"Asia Cup (Afghanistan, Bangladesh, India, Pakistan, Sri Lanka in Bangladesh), 2013/14",India,Misc,AWAY
S Dhawan,4,4,0,192,94,48,249,77.1,0,2,0,18,2,26-Feb-14,Sri Lanka,"Asia Cup (Afghanistan, Bangladesh, India, Pakistan, Sri Lanka in Bangladesh), 2013/14",India,Misc,AWAY
RA Jadeja,4,2,2,74,52,,76,97.36,0,1,0,4,3,26-Feb-14,Sri Lanka,"Asia Cup (Afghanistan, Bangladesh, India, Pakistan, Sri Lanka in Bangladesh), 2013/14",India,Misc,AWAY
KD Karthik,4,4,2,50,23,25,78,64.1,0,0,0,5,0,26-Feb-14,Sri Lanka,"Asia Cup (Afghanistan, Bangladesh, India, Pakistan, Sri Lanka in Bangladesh), 2013/14",India,Misc,AWAY
V Kohli,4,3,0,189,136,63,184,102.71,1,0,0,20,3,26-Feb-14,Sri Lanka,"Asia Cup (Afghanistan, Bangladesh, India, Pakistan, Sri Lanka in Bangladesh), 2013/14",India,Misc,AWAY
B Kumar,4,1,0,0,0,0,0,,0,0,1,0,0,26-Feb-14,Sri Lanka,"Asia Cup (Afghanistan, Bangladesh, India, Pakistan, Sri Lanka in Bangladesh), 2013/14",India,Misc,AWAY
Mohammed Shami,4,2,1,14,14,14,10,140,0,0,1,0,2,26-Feb-14,Sri Lanka,"Asia Cup (Afghanistan, Bangladesh, India, Pakistan, Sri Lanka in Bangladesh), 2013/14",India,Misc,AWAY
AM Rahane,4,4,0,174,73,43.5,226,76.99,0,2,0,16,1,26-Feb-14,Sri Lanka,"Asia Cup (Afghanistan, Bangladesh, India, Pakistan, Sri Lanka in Bangladesh), 2013/14",India,Misc,AWAY
AT Rayudu,4,3,1,85,58,42.5,100,85,0,1,0,5,1,26-Feb-14,Sri Lanka,"Asia Cup (Afghanistan, Bangladesh, India, Pakistan, Sri Lanka in Bangladesh), 2013/14",India,Misc,AWAY
RG Sharma,4,4,1,108,56,36,139,77.69,0,1,0,10,3,26-Feb-14,Sri Lanka,"Asia Cup (Afghanistan, Bangladesh, India, Pakistan, Sri Lanka in Bangladesh), 2013/14",India,Misc,AWAY
VR Aaron,1,,,,,,,,,,,,,26-Feb-14,Sri Lanka,"Asia Cup (Afghanistan, Bangladesh, India, Pakistan, Sri Lanka in Bangladesh), 2013/14",India,Misc,AWAY
SPD Smith,8,7,1,402,105,67,439,91.57,1,4,0,37,4,14-Feb-15,Australia,"ICC Cricket World Cup (in Australia/New Zealand), 2014/15",Australia,Misc,HOME
DA Warner,5,5,0,386,173,77.2,340,113.52,2,1,0,50,4,30-Sep-16,South Africa,"Australia in South Africa ODI Series, 2016/17",Australia,South Africa,AWAY
DA Warner,5,5,0,367,179,73.4,325,112.92,2,0,0,37,7,13-Jan-17,Australia,"Pakistan in Australia ODI Series, 2016/17",Australia,Pakistan,HOME
DA Warner,8,8,1,345,178,49.28,287,120.2,1,0,0,38,9,14-Feb-15,Australia,"ICC Cricket World Cup (in Australia/New Zealand), 2014/15",Australia,Misc,HOME
GJ Maxwell,8,6,1,324,102,64.8,178,182.02,1,2,0,35,14,14-Feb-15,Australia,"ICC Cricket World Cup (in Australia/New Zealand), 2014/15",Australia,Misc,HOME
SPD Smith,5,5,0,315,149,63,293,107.5,1,1,0,27,5,12-Jan-16,Australia,"India in Australia ODI Series, 2015/16",Australia,India,HOME
DA Warner,3,3,0,299,156,99.66,272,109.92,2,0,0,31,5,04-Dec-16,Australia,"Chappell-Hadlee Trophy [New Zealand in Australia], 2016/17",Australia,New Zealand,HOME
SE Marsh,5,5,0,288,131,57.6,280,102.85,2,0,0,19,8,13-Jun-18,England,"Australia in England ODI Series, 2018",Australia,England,AWAY
AJ Finch,8,8,0,280,135,35,304,92.1,1,1,1,26,6,14-Feb-15,Australia,"ICC Cricket World Cup (in Australia/New Zealand), 2014/15",Australia,Misc,HOME
AJ Finch,3,3,0,275,107,91.66,286,96.15,2,1,0,22,7,14-Jan-18,England,"England in Australia ODI Series, 2017/18",Australia,England,HOME
GJ Bailey,5,5,1,270,90,67.5,357,75.63,0,2,0,21,1,21-Aug-16,Australia,"Australia in Sri Lanka ODI Series, 2016",Australia,Sri Lanka,AWAY
TM Head,5,5,1,270,128,67.5,268,100.74,1,1,0,25,7,13-Jan-17,Australia,"Pakistan in Australia ODI Series, 2016/17",Australia,Pakistan,HOME
SPD Smith,7,6,1,264,78,52.8,330,80,0,3,0,20,3,05-Jun-16,Australia,"West Indies Tri-Nation Series (Australia, South Africa, West Indies), 2016",Australia,Misc,AWAY
SPD Smith,4,4,1,254,104,84.66,261,97.31,1,2,0,23,1,16-Nov-14,Australia,"South Africa in Australia ODI Series, 2014/15",Australia,South Africa,HOME
AJ Finch,5,5,0,250,102,50,330,75.75,1,2,0,22,4,25-Aug-14,South Africa,"Zimbabwe Triangular Series (Australia, South Africa, Zimbabwe), 2014",Australia,Misc,AWAY
AJ Finch,5,5,0,250,109,50,285,87.71,1,1,0,26,5,14-Nov-14,Australia,"South Africa in Australia ODI Series, 2014/15",Australia,South Africa,HOME
AJ Finch,3,3,0,250,124,83.33,257,97.27,1,1,0,28,8,24-Sep-17,India,"Australia in India ODI Series, 2017/18",Australia,India,AWAY
DA Warner,5,5,0,245,124,49,262,93.51,1,1,0,23,5,17-Sep-17,India,"Australia in India ODI Series, 2017/18",Australia,India,AWAY
SPD Smith,3,3,0,236,164,78.66,240,98.33,1,1,1,20,5,04-Dec-16,Australia,"Chappell-Hadlee Trophy [New Zealand in Australia], 2016/17",Australia,New Zealand,HOME
GJ Bailey,5,5,1,227,112,56.75,220,103.18,1,1,0,16,3,12-Jan-16,Australia,"India in Australia ODI Series, 2015/16",Australia,India,HOME
SPD Smith,5,4,1,226,102,75.33,244,92.62,1,0,0,19,2,16-Jan-15,Australia,"Carlton Mid One-Day International Tri-Series (Australia, England, India in Australia), 2014/15",Australia,Misc,HOME
SE Marsh,3,3,0,224,131,74.66,247,90.68,1,1,0,18,3,12-Jan-19,India,"India in Australia ODI Series, 2018/19",Australia,India,HOME
MR Marsh,5,5,1,222,89,55.5,230,96.52,0,2,0,14,12,25-Aug-14,South Africa,"Zimbabwe Triangular Series (Australia, South Africa, Zimbabwe), 2014",Australia,Misc,AWAY
SPD Smith,5,5,1,221,108,55.25,256,86.32,1,1,1,19,1,13-Jan-17,Australia,"Pakistan in Australia ODI Series, 2016/17",Australia,Pakistan,HOME
MP Stoinis,5,5,0,221,87,44.2,199,111.05,0,3,0,17,8,14-Jan-18,England,"England in Australia ODI Series, 2017/18",Australia,England,HOME
DA Warner,3,3,0,220,122,73.33,215,102.32,1,1,0,22,4,12-Jan-16,Australia,"India in Australia ODI Series, 2015/16",Australia,India,HOME
MJ Clarke,7,6,0,219,74,36.5,228,96.05,0,2,0,25,3,28-Feb-15,Australia,"ICC Cricket World Cup (in Australia/New Zealand), 2014/15",Australia,Misc,HOME
GJ Bailey,5,5,1,218,75,54.5,285,76.49,0,2,0,19,2,03-Sep-15,Australia,"Australia in England ODI Series, 2015",Australia,England,AWAY
UT Khawaja,7,6,0,217,98,36.16,270,80.37,0,2,0,17,4,05-Jun-16,Australia,"West Indies Tri-Nation Series (Australia, South Africa, West Indies), 2016",Australia,Misc,AWAY
AJ Finch,5,5,0,213,107,42.6,228,93.42,1,1,0,21,3,12-Jan-16,Australia,"India in Australia ODI Series, 2015/16",Australia,India,HOME
SR Watson,7,7,2,208,67,41.6,196,106.12,0,2,1,22,4,14-Feb-15,Australia,"ICC Cricket World Cup (in Australia/New Zealand), 2014/15",Australia,Misc,HOME
TM Head,5,5,0,194,63,38.8,164,118.29,0,3,0,28,1,13-Jun-18,England,"Australia in England ODI Series, 2018",Australia,England,AWAY
SPD Smith,3,3,0,190,101,63.33,238,79.83,1,1,0,11,2,07-Oct-14,Australia,"Pakistan v Australia ODI Series (in United Arab Emirates), 2014/15",Australia,Pakistan,AWAY
MP Stoinis,2,2,1,188,146,188,165,113.93,1,0,0,13,12,30-Jan-17,New Zealand,"Chappell-Hadlee Trophy [Australia in New Zealand], 2016/17",Australia,New Zealand,AWAY
MR Marsh,5,5,0,186,55,37.2,218,85.32,0,2,0,14,3,14-Jan-18,England,"England in Australia ODI Series, 2017/18",Australia,England,HOME
GJ Maxwell,5,4,0,174,78,43.5,133,130.82,0,2,0,20,3,13-Jan-17,Australia,"Pakistan in Australia ODI Series, 2016/17",Australia,Pakistan,HOME
GJ Maxwell,4,4,1,169,96,56.33,134,126.11,0,1,0,16,4,12-Jan-16,Australia,"India in Australia ODI Series, 2015/16",Australia,India,HOME
AJ Finch,7,6,0,167,72,27.83,214,78.03,0,1,1,21,4,05-Jun-16,Australia,"West Indies Tri-Nation Series (Australia, South Africa, West Indies), 2016",Australia,Misc,AWAY
GJ Maxwell,5,4,0,166,85,41.5,129,128.68,0,1,0,18,5,03-Sep-15,Australia,"Australia in England ODI Series, 2015",Australia,England,AWAY
SR Watson,5,5,0,165,82,33,209,78.94,0,1,0,15,3,14-Nov-14,Australia,"South Africa in Australia ODI Series, 2014/15",Australia,South Africa,HOME
DA Warner,3,3,1,165,109,82.5,180,91.66,1,1,0,14,3,05-Jun-16,Australia,"West Indies Tri-Nation Series (Australia, South Africa, West Indies), 2016",Australia,Misc,AWAY
MS Wade,5,4,2,164,71,82,119,137.81,0,2,0,20,3,03-Sep-15,Australia,"Australia in England ODI Series, 2015",Australia,England,AWAY
MR Marsh,4,4,2,164,102,82,153,107.18,1,0,0,15,2,12-Jan-16,Australia,"India in Australia ODI Series, 2015/16",Australia,India,HOME
DA Warner,4,3,0,163,127,54.33,155,105.16,1,0,0,23,0,16-Jan-15,Australia,"Carlton Mid One-Day International Tri-Series (Australia, England, India in Australia), 2014/15",Australia,Misc,HOME
PJ Hughes,4,4,0,161,85,40.25,201,80.09,0,2,0,17,1,27-Aug-14,South Africa,"Zimbabwe Triangular Series (Australia, South Africa, Zimbabwe), 2014",Australia,Misc,AWAY
AJ Finch,5,5,0,161,100,32.2,170,94.7,1,0,1,11,6,13-Jun-18,England,"Australia in England ODI Series, 2018",Australia,England,AWAY
SPD Smith,5,5,0,156,70,31.2,214,72.89,0,1,0,14,1,03-Sep-15,Australia,"Australia in England ODI Series, 2015",Australia,England,AWAY
MS Wade,5,5,1,155,76,38.75,186,83.33,0,1,0,6,1,21-Aug-16,Australia,"Australia in Sri Lanka ODI Series, 2016",Australia,Sri Lanka,AWAY
MR Marsh,7,6,2,154,79,38.5,190,81.05,0,1,0,14,0,05-Jun-16,Australia,"West Indies Tri-Nation Series (Australia, South Africa, West Indies), 2016",Australia,Misc,AWAY
MP Stoinis,5,5,3,153,62,76.5,175,87.42,0,1,0,12,6,17-Sep-17,India,"Australia in India ODI Series, 2017/18",Australia,India,AWAY
GJ Maxwell,5,4,0,152,95,38,161,94.4,0,1,1,20,1,16-Jan-15,Australia,"Carlton Mid One-Day International Tri-Series (Australia, England, India in Australia), 2014/15",Australia,Misc,HOME
SPD Smith,5,5,0,151,108,30.2,168,89.88,1,0,1,15,1,30-Sep-16,South Africa,"Australia in South Africa ODI Series, 2016/17",Australia,South Africa,AWAY
PSP Handscomb,3,3,0,151,73,50.33,146,103.42,0,2,0,10,2,12-Jan-19,India,"India in Australia ODI Series, 2018/19",Australia,India,HOME
MS Wade,5,4,1,148,100,49.33,168,88.09,1,0,0,11,2,13-Jan-17,Australia,"Pakistan in Australia ODI Series, 2016/17",Australia,Pakistan,HOME
TM Head,3,3,0,146,57,48.66,162,90.12,0,2,0,13,2,04-Dec-16,Australia,"Chappell-Hadlee Trophy [New Zealand in Australia], 2016/17",Australia,New Zealand,HOME
AJ Finch,5,4,0,145,56,36.25,101,143.56,0,2,0,18,6,21-Aug-16,Australia,"Australia in Sri Lanka ODI Series, 2016",Australia,Sri Lanka,AWAY
DA Warner,5,5,0,144,106,28.8,175,82.28,1,0,0,13,0,21-Aug-16,Australia,"Australia in Sri Lanka ODI Series, 2016",Australia,Sri Lanka,AWAY
AJ Finch,5,4,0,143,96,35.75,180,79.44,0,1,1,11,2,16-Jan-15,Australia,"Carlton Mid One-Day International Tri-Series (Australia, England, India in Australia), 2014/15",Australia,Misc,HOME
SPD Smith,5,5,0,142,63,28.4,182,78.02,0,2,0,14,0,17-Sep-17,India,"Australia in India ODI Series, 2017/18",Australia,India,AWAY
SE Marsh,3,3,0,140,71,46.66,171,81.87,0,2,0,11,0,15-Jan-16,Australia,"India in Australia ODI Series, 2015/16",Australia,India,HOME
TM Head,5,5,0,139,51,27.8,126,110.31,0,1,1,15,3,30-Sep-16,South Africa,"Australia in South Africa ODI Series, 2016/17",Australia,South Africa,AWAY
AJ Finch,3,3,1,138,70,69,151,91.39,0,2,0,21,1,08-Sep-15,Australia,"Australia in England ODI Series, 2015",Australia,England,AWAY
MR Marsh,5,5,0,137,50,27.4,162,84.56,0,1,0,16,4,30-Sep-16,South Africa,"Australia in South Africa ODI Series, 2016/17",Australia,South Africa,AWAY
MR Marsh,5,4,1,134,64,44.66,115,116.52,0,1,0,10,4,03-Sep-15,Australia,"Australia in England ODI Series, 2015",Australia,England,AWAY
TM Head,5,5,0,130,40,26,193,67.35,0,0,0,12,0,21-Aug-16,Australia,"Australia in Sri Lanka ODI Series, 2016",Australia,Sri Lanka,AWAY
TM Head,4,4,0,130,96,32.5,163,79.75,0,1,0,18,0,14-Jan-18,England,"England in Australia ODI Series, 2017/18",Australia,England,HOME
AC Agar,5,5,0,130,46,26,144,90.27,0,0,1,16,1,13-Jun-18,England,"Australia in England ODI Series, 2018",Australia,England,AWAY
DA Warner,3,3,0,128,56,42.66,153,83.66,0,1,0,16,1,07-Oct-14,Australia,"Pakistan v Australia ODI Series (in United Arab Emirates), 2014/15",Australia,Pakistan,AWAY
SE Marsh,2,2,0,128,106,64,128,100,1,0,0,9,4,09-Nov-18,South Africa,"South Africa in Australia ODI Series, 2018/19",Australia,South Africa,HOME
GJ Bailey,5,5,0,127,70,25.4,171,74.26,0,1,0,5,3,14-Nov-14,Australia,"South Africa in Australia ODI Series, 2014/15",Australia,South Africa,HOME
BJ Haddin,8,5,2,126,43,42,80,157.5,0,0,0,16,4,14-Feb-15,Australia,"ICC Cricket World Cup (in Australia/New Zealand), 2014/15",Australia,Misc,HOME
DA Warner,3,3,0,126,98,42,104,121.15,0,1,0,13,4,03-Feb-16,New Zealand,"Chappell-Hadlee Trophy (Australia in New Zealand), 2015/16",Australia,New Zealand,AWAY
GJ Bailey,5,5,0,125,66,25,143,87.41,0,1,0,7,4,25-Aug-14,South Africa,"Zimbabwe Triangular Series (Australia, South Africa, Zimbabwe), 2014",Australia,Misc,AWAY
DA Warner,5,5,0,124,53,24.8,128,96.87,0,1,1,10,6,14-Nov-14,Australia,"South Africa in Australia ODI Series, 2014/15",Australia,South Africa,HOME
GJ Bailey,5,4,0,122,55,30.5,155,78.7,0,1,0,8,3,11-Jun-16,Australia,"West Indies Tri-Nation Series (Australia, South Africa, West Indies), 2016",Australia,Misc,AWAY
AT Carey,3,3,0,122,47,40.66,184,66.3,0,0,0,7,1,04-Nov-18,South Africa,"South Africa in Australia ODI Series, 2018/19",Australia,South Africa,HOME
BJ Haddin,5,5,0,121,49,24.2,167,72.45,0,0,0,5,6,25-Aug-14,South Africa,"Zimbabwe Triangular Series (Australia, South Africa, Zimbabwe), 2014",Australia,Misc,AWAY
TM Head,5,5,0,119,42,23.8,148,80.4,0,0,0,10,1,17-Sep-17,India,"Australia in India ODI Series, 2017/18",Australia,India,AWAY
GJ Maxwell,3,3,0,117,76,39,126,92.85,0,1,0,11,1,07-Oct-14,Australia,"Pakistan v Australia ODI Series (in United Arab Emirates), 2014/15",Australia,Pakistan,AWAY
MS Wade,5,5,1,117,52,29.25,140,83.57,0,1,0,8,1,14-Nov-14,Australia,"South Africa in Australia ODI Series, 2014/15",Australia,South Africa,HOME
TD Paine,4,4,2,117,34,58.5,141,82.97,0,0,0,8,1,14-Jan-18,England,"England in Australia ODI Series, 2017/18",Australia,England,HOME
GJ Maxwell,5,5,0,115,93,23,78,147.43,0,1,1,11,6,25-Aug-14,South Africa,"Zimbabwe Triangular Series (Australia, South Africa, Zimbabwe), 2014",Australia,Misc,AWAY
GJ Bailey,5,5,0,114,74,22.8,140,81.42,0,1,0,10,3,30-Sep-16,South Africa,"Australia in South Africa ODI Series, 2016/17",Australia,South Africa,AWAY
MS Wade,5,5,1,114,52,28.5,116,98.27,0,1,0,12,3,30-Sep-16,South Africa,"Australia in South Africa ODI Series, 2016/17",Australia,South Africa,AWAY
UT Khawaja,3,3,0,114,59,38,155,73.54,0,1,0,11,0,12-Jan-19,India,"India in Australia ODI Series, 2018/19",Australia,India,HOME
GJ Maxwell,3,3,0,112,62,37.33,117,95.72,0,1,0,9,3,13-Jun-18,England,"Australia in England ODI Series, 2018",Australia,England,AWAY
MR Marsh,3,3,1,110,69,55,118,93.22,0,1,1,13,2,03-Feb-16,New Zealand,"Chappell-Hadlee Trophy (Australia in New Zealand), 2015/16",Australia,New Zealand,AWAY
AJ Finch,5,5,0,108,53,21.6,110,98.18,0,1,0,10,6,30-Sep-16,South Africa,"Australia in South Africa ODI Series, 2016/17",Australia,South Africa,AWAY
SPD Smith,5,5,0,102,45,20.4,148,68.91,0,0,0,4,1,14-Jan-18,England,"England in Australia ODI Series, 2017/18",Australia,England,HOME
JP Faulkner,5,4,3,100,50,100,80,125,0,1,0,11,4,16-Jan-15,Australia,"Carlton Mid One-Day International Tri-Series (Australia, England, India in Australia), 2014/15",Australia,Misc,HOME
MR Marsh,3,3,0,99,67,33,116,85.34,0,1,0,6,2,14-Nov-14,Australia,"South Africa in Australia ODI Series, 2014/15",Australia,South Africa,HOME
AJ Finch,3,3,0,95,68,31.66,109,87.15,0,1,0,11,0,02-Jun-17,Pakistan,"ICC Champions Trophy (in England), 2017",Australia,Misc,AWAY
UT Khawaja,2,2,0,94,50,47,85,110.58,0,1,0,11,2,06-Feb-16,New Zealand,"Chappell-Hadlee Trophy (Australia in New Zealand), 2015/16",Australia,New Zealand,AWAY
MS Wade,7,4,1,88,57,29.33,80,110,0,1,0,6,3,05-Jun-16,Australia,"West Indies Tri-Nation Series (Australia, South Africa, West Indies), 2016",Australia,Misc,AWAY
SPD Smith,2,2,0,88,58,44,125,70.4,0,1,0,10,0,21-Aug-16,Australia,"Australia in Sri Lanka ODI Series, 2016",Australia,Sri Lanka,AWAY
SPD Smith,3,3,2,86,56,86,108,79.62,0,1,0,8,0,02-Jun-17,Pakistan,"ICC Champions Trophy (in England), 2017",Australia,Misc,AWAY
MP Stoinis,3,3,1,86,47,43,99,86.86,0,0,0,6,2,12-Jan-19,India,"India in Australia ODI Series, 2018/19",Australia,India,HOME
GJ Maxwell,3,3,1,85,48,42.5,61,139.34,0,0,0,11,1,12-Jan-19,India,"India in Australia ODI Series, 2018/19",Australia,India,HOME
DA Warner,1,1,0,84,84,84,80,105,0,1,0,7,3,27-Aug-15,Australia,"Australia in Ireland ODI Match, 2015",Australia,Ireland,AWAY
PSP Handscomb,3,2,0,83,82,41.5,86,96.51,0,1,0,6,0,19-Jan-17,Australia,"Pakistan in Australia ODI Series, 2016/17",Australia,Pakistan,HOME
DJM Short,3,3,1,83,47,41.5,97,85.56,0,0,0,7,1,16-Jun-18,England,"Australia in England ODI Series, 2018",Australia,England,AWAY
UT Khawaja,1,1,1,82,82,,77,106.49,0,1,0,8,2,27-Sep-16,Australia,"Australia v Ireland ODI Match (in South Africa), 2016/17",Australia,Ireland,AWAY
BJ Haddin,5,4,1,80,42,26.66,60,133.33,0,0,0,9,1,16-Jan-15,Australia,"Carlton Mid One-Day International Tri-Series (Australia, England, India in Australia), 2014/15",Australia,Misc,HOME
DA Warner,3,3,1,79,40,39.5,85,92.94,0,0,0,7,1,02-Jun-17,Pakistan,"ICC Champions Trophy (in England), 2017",Australia,Misc,AWAY
MP Stoinis,3,3,0,79,63,26.33,99,79.79,0,1,0,7,4,04-Nov-18,South Africa,"South Africa in Australia ODI Series, 2018/19",Australia,South Africa,HOME
SPD Smith,4,4,0,78,36,19.5,97,80.41,0,0,0,8,0,25-Aug-14,South Africa,"Zimbabwe Triangular Series (Australia, South Africa, Zimbabwe), 2014",Australia,Misc,AWAY
JW Hastings,4,3,0,78,51,26,78,100,0,1,0,8,4,30-Sep-16,South Africa,"Australia in South Africa ODI Series, 2016/17",Australia,South Africa,AWAY
JA Burns,5,5,0,77,44,15.4,114,67.54,0,0,1,9,0,03-Sep-15,Australia,"Australia in England ODI Series, 2015",Australia,England,AWAY
MR Marsh,3,3,1,77,76,38.5,45,171.11,0,1,1,2,7,04-Dec-16,Australia,"Chappell-Hadlee Trophy [New Zealand in Australia], 2016/17",Australia,New Zealand,HOME
MP Stoinis,5,5,0,76,44,15.2,91,83.51,0,0,1,4,2,13-Jun-18,England,"Australia in England ODI Series, 2018",Australia,England,AWAY
DA Warner,5,5,0,73,35,14.6,77,94.8,0,0,0,11,0,14-Jan-18,England,"England in Australia ODI Series, 2017/18",Australia,England,HOME
TM Head,3,1,1,71,71,,64,110.93,0,1,0,5,2,02-Jun-17,Pakistan,"ICC Champions Trophy (in England), 2017",Australia,Misc,AWAY
JP Faulkner,3,3,1,70,33,35,99,70.7,0,0,0,5,1,07-Oct-14,Australia,"Pakistan v Australia ODI Series (in United Arab Emirates), 2014/15",Australia,Pakistan,AWAY
JA Burns,1,1,0,69,69,69,70,98.57,0,1,0,7,1,27-Aug-15,Australia,"Australia in Ireland ODI Match, 2015",Australia,Ireland,AWAY
MJ Clarke,1,1,1,68,68,,102,66.66,0,1,0,2,0,31-Aug-14,South Africa,"Zimbabwe Triangular Series (Australia, South Africa, Zimbabwe), 2014",Australia,Misc,AWAY
MS Wade,3,3,0,63,38,21,50,126,0,0,0,2,4,04-Dec-16,Australia,"Chappell-Hadlee Trophy [New Zealand in Australia], 2016/17",Australia,New Zealand,HOME
PJ Cummins,2,2,0,63,36,31.5,63,100,0,0,0,6,3,30-Jan-17,New Zealand,"Chappell-Hadlee Trophy [Australia in New Zealand], 2016/17",Australia,New Zealand,AWAY
JW Hastings,3,3,1,62,48,31,75,82.66,0,0,0,7,1,03-Feb-16,New Zealand,"Chappell-Hadlee Trophy (Australia in New Zealand), 2015/16",Australia,New Zealand,AWAY
GJ Maxwell,3,3,0,61,35,20.33,54,112.96,0,0,0,6,0,04-Nov-18,South Africa,"South Africa in Australia ODI Series, 2018/19",Australia,South Africa,HOME
MR Marsh,2,1,0,60,60,60,68,88.23,0,1,0,7,1,26-Jan-15,Australia,"Carlton Mid One-Day International Tri-Series (Australia, England, India in Australia), 2014/15",Australia,Misc,HOME
DA Warner,2,2,1,60,59,60,68,88.23,0,1,0,6,0,03-Sep-15,Australia,"Australia in England ODI Series, 2015",Australia,England,AWAY
AJ Finch,2,2,0,60,56,30,71,84.5,0,1,0,5,2,30-Jan-17,New Zealand,"Chappell-Hadlee Trophy [Australia in New Zealand], 2016/17",Australia,New Zealand,AWAY
SPD Smith,1,1,1,59,59,,74,79.72,0,1,0,6,1,27-Sep-16,Australia,"Australia v Ireland ODI Match (in South Africa), 2016/17",Australia,Ireland,AWAY
PSP Handscomb,3,3,0,59,43,19.66,54,109.25,0,0,0,3,1,24-Sep-17,India,"Australia in India ODI Series, 2017/18",Australia,India,AWAY
CA Lynn,3,3,0,59,44,19.66,77,76.62,0,0,1,5,2,04-Nov-18,South Africa,"South Africa in Australia ODI Series, 2018/19",Australia,South Africa,HOME
TM Head,2,2,0,58,53,29,87,66.66,0,1,0,6,0,30-Jan-17,New Zealand,"Chappell-Hadlee Trophy [Australia in New Zealand], 2016/17",Australia,New Zealand,AWAY
GJ Maxwell,3,3,0,58,39,19.33,49,118.36,0,0,0,3,6,17-Sep-17,India,"Australia in India ODI Series, 2017/18",Australia,India,AWAY
SR Watson,2,2,0,57,41,28.5,59,96.61,0,0,0,7,1,16-Jan-15,Australia,"Carlton Mid One-Day International Tri-Series (Australia, England, India in Australia), 2014/15",Australia,Misc,HOME
AJ Finch,3,3,0,57,41,19,95,60,0,0,0,5,0,04-Nov-18,South Africa,"South Africa in Australia ODI Series, 2018/19",Australia,South Africa,HOME
MS Wade,3,3,0,56,37,18.66,73,76.71,0,0,0,4,2,03-Feb-16,New Zealand,"Chappell-Hadlee Trophy (Australia in New Zealand), 2015/16",Australia,New Zealand,AWAY
UT Khawaja,3,3,0,56,30,18.66,90,62.22,0,0,0,5,0,15-Jan-17,Australia,"Pakistan in Australia ODI Series, 2016/17",Australia,Pakistan,HOME
GJ Bailey,1,1,0,55,55,55,69,79.71,0,1,0,3,0,14-Feb-15,Australia,"ICC Cricket World Cup (in Australia/New Zealand), 2014/15",Australia,Misc,HOME
JP Faulkner,4,4,2,54,39,27,56,96.42,0,0,1,5,0,25-Aug-14,South Africa,"Zimbabwe Triangular Series (Australia, South Africa, Zimbabwe), 2014",Australia,Misc,AWAY
GJ Maxwell,5,4,1,53,46,17.66,39,135.89,0,0,1,6,2,05-Jun-16,Australia,"West Indies Tri-Nation Series (Australia, South Africa, West Indies), 2016",Australia,Misc,AWAY
MG Johnson,4,4,2,51,23,25.5,26,196.15,0,0,0,4,3,25-Aug-14,South Africa,"Zimbabwe Triangular Series (Australia, South Africa, Zimbabwe), 2014",Australia,Misc,AWAY
AT Carey,2,2,0,50,44,25,45,111.11,0,0,0,6,1,21-Jun-18,England,"Australia in England ODI Series, 2018",Australia,England,AWAY
DA Warner,1,1,0,48,48,48,30,160,0,0,0,5,2,27-Sep-16,Australia,"Australia v Ireland ODI Match (in South Africa), 2016/17",Australia,Ireland,AWAY
AT Carey,3,3,0,47,24,15.66,69,68.11,0,0,0,8,0,12-Jan-19,India,"India in Australia ODI Series, 2018/19",Australia,India,HOME
GJ Bailey,3,3,0,46,28,15.33,95,48.42,0,0,1,3,1,07-Oct-14,Australia,"Pakistan v Australia ODI Series (in United Arab Emirates), 2014/15",Australia,Pakistan,AWAY
SE Marsh,1,1,0,45,45,45,48,93.75,0,0,0,6,0,23-Jan-15,Australia,"Carlton Mid One-Day International Tri-Series (Australia, England, India in Australia), 2014/15",Australia,Misc,HOME
SR Watson,2,2,0,45,39,22.5,49,91.83,0,0,0,1,2,03-Sep-15,Australia,"Australia in England ODI Series, 2015",Australia,England,AWAY
JP Faulkner,6,4,1,44,21,14.66,25,176,0,0,1,6,2,04-Mar-15,Australia,"ICC Cricket World Cup (in Australia/New Zealand), 2014/15",Australia,Misc,HOME
JP Faulkner,2,2,1,44,32,44,42,104.76,0,0,0,1,1,17-Sep-17,India,"Australia in India ODI Series, 2017/18",Australia,India,AWAY
BJ Haddin,1,1,0,43,43,43,41,104.87,0,0,0,4,2,28-Feb-15,New Zealand,"Chappell-Hadlee Trophy (Australia in New Zealand), 2014/15",Australia,New Zealand,AWAY
BJ Haddin,3,3,2,42,23,42,53,79.24,0,0,0,4,1,07-Oct-14,Australia,"Pakistan v Australia ODI Series (in United Arab Emirates), 2014/15",Australia,Pakistan,AWAY
MS Wade,5,3,0,42,36,14,39,107.69,0,0,1,2,1,12-Jan-16,Australia,"India in Australia ODI Series, 2015/16",Australia,India,HOME
JP Faulkner,4,3,1,42,19,21,45,93.33,0,0,0,4,0,13-Jan-17,Australia,"Pakistan in Australia ODI Series, 2016/17",Australia,Pakistan,HOME
SPD Smith,3,3,0,41,21,13.66,64,64.06,0,0,0,4,0,03-Feb-16,New Zealand,"Chappell-Hadlee Trophy (Australia in New Zealand), 2015/16",Australia,New Zealand,AWAY
JP Faulkner,2,2,2,40,34,,24,166.66,0,0,0,7,0,21-Nov-14,Australia,"South Africa in Australia ODI Series, 2014/15",Australia,South Africa,HOME
GJ Bailey,3,3,1,40,23,20,77,51.94,0,0,0,1,1,04-Dec-16,Australia,"Chappell-Hadlee Trophy [New Zealand in Australia], 2016/17",Australia,New Zealand,HOME
GJ Maxwell,4,4,0,38,29,9.5,36,105.55,0,0,1,5,0,14-Nov-14,Australia,"South Africa in Australia ODI Series, 2014/15",Australia,South Africa,HOME
SE Marsh,2,2,0,38,22,19,43,88.37,0,0,0,7,0,30-Jan-17,New Zealand,"Chappell-Hadlee Trophy [Australia in New Zealand], 2016/17",Australia,New Zealand,AWAY
JP Faulkner,1,1,0,36,36,36,33,109.09,0,0,0,6,0,03-Feb-16,New Zealand,"Chappell-Hadlee Trophy (Australia in New Zealand), 2015/16",Australia,New Zealand,AWAY
TD Paine,5,5,0,36,15,7.2,46,78.26,0,0,0,2,0,13-Jun-18,England,"Australia in England ODI Series, 2018",Australia,England,AWAY
GJ Bailey,3,3,0,35,33,11.66,71,49.29,0,0,1,3,0,03-Feb-16,New Zealand,"Chappell-Hadlee Trophy (Australia in New Zealand), 2015/16",Australia,New Zealand,AWAY
MC Henriques,3,2,0,35,18,17.5,33,106.06,0,0,0,7,0,02-Jun-17,Pakistan,"ICC Champions Trophy (in England), 2017",Australia,Misc,AWAY
CL White,3,3,1,35,17,17.5,53,66.03,0,0,0,3,0,19-Jan-18,England,"England in Australia ODI Series, 2017/18",Australia,England,HOME
DA Warner,1,1,0,34,34,34,42,80.95,0,0,0,2,1,28-Feb-15,New Zealand,"Chappell-Hadlee Trophy (Australia in New Zealand), 2014/15",Australia,New Zealand,AWAY
JW Hastings,2,1,1,34,34,,26,130.76,0,0,0,3,2,11-Sep-15,Australia,"Australia in England ODI Series, 2015",Australia,England,AWAY
MS Wade,4,4,1,34,20,11.33,39,87.17,0,0,0,1,1,17-Sep-17,India,"Australia in India ODI Series, 2017/18",Australia,India,AWAY
GJ Maxwell,1,1,0,34,34,34,39,87.17,0,0,0,3,1,28-Jan-18,England,"England in Australia ODI Series, 2017/18",Australia,England,HOME
AJ Tye,3,3,1,34,19,17,31,109.67,0,0,0,3,1,13-Jun-18,England,"Australia in England ODI Series, 2018",Australia,England,AWAY
NM Coulter-Nile,1,1,0,34,34,34,31,109.67,0,0,0,5,1,04-Nov-18,South Africa,"South Africa in Australia ODI Series, 2018/19",Australia,South Africa,HOME
MA Starc,5,3,2,33,29,33,52,63.46,0,0,0,0,2,25-Aug-14,South Africa,"Zimbabwe Triangular Series (Australia, South Africa, Zimbabwe), 2014",Australia,Misc,AWAY
AJ Finch,3,3,0,32,18,10.66,47,68.08,0,0,1,6,0,07-Oct-14,Australia,"Pakistan v Australia ODI Series (in United Arab Emirates), 2014/15",Australia,Pakistan,AWAY
MA Starc,2,2,1,32,29,32,26,123.07,0,0,0,2,2,30-Jan-17,New Zealand,"Chappell-Hadlee Trophy [Australia in New Zealand], 2016/17",Australia,New Zealand,AWAY
MG Johnson,8,4,2,31,27,15.5,20,155,0,0,1,4,1,14-Feb-15,Australia,"ICC Cricket World Cup (in Australia/New Zealand), 2014/15",Australia,Misc,HOME
MR Marsh,3,3,0,31,23,10.33,31,100,0,0,1,3,0,14-Feb-15,Australia,"ICC Cricket World Cup (in Australia/New Zealand), 2014/15",Australia,Misc,HOME
A Zampa,5,4,1,31,12,10.33,42,73.8,0,0,0,2,1,30-Sep-16,South Africa,"Australia in South Africa ODI Series, 2016/17",Australia,South Africa,AWAY
NM Lyon,2,1,0,30,30,30,31,96.77,0,0,0,4,0,05-Jun-16,Australia,"West Indies Tri-Nation Series (Australia, South Africa, West Indies), 2016",Australia,Misc,AWAY
JP Faulkner,5,4,2,30,13,15,53,56.6,0,0,0,1,0,21-Aug-16,Australia,"Australia in Sri Lanka ODI Series, 2016",Australia,Sri Lanka,AWAY
AT Carey,1,1,0,27,27,27,24,112.5,0,0,0,4,0,19-Jan-18,England,"England in Australia ODI Series, 2017/18",Australia,England,HOME
BCJ Cutting,1,1,0,26,26,26,22,118.18,0,0,0,2,1,31-Aug-14,South Africa,"Zimbabwe Triangular Series (Australia, South Africa, Zimbabwe), 2014",Australia,Misc,AWAY
SR Watson,1,1,1,26,26,,25,104,0,0,0,1,1,27-Aug-15,Australia,"Australia in Ireland ODI Match, 2015",Australia,Ireland,AWAY
AJ Finch,3,3,0,26,14,8.66,54,48.14,0,0,0,1,0,12-Jan-19,India,"India in Australia ODI Series, 2018/19",Australia,India,HOME
JP Faulkner,2,2,0,25,25,12.5,52,48.07,0,0,1,1,0,30-Jan-17,New Zealand,"Chappell-Hadlee Trophy [Australia in New Zealand], 2016/17",Australia,New Zealand,AWAY
SR Watson,1,1,0,23,23,23,30,76.66,0,0,0,2,0,28-Feb-15,New Zealand,"Chappell-Hadlee Trophy (Australia in New Zealand), 2014/15",Australia,New Zealand,AWAY
JP Faulkner,5,4,2,23,21,11.5,30,76.66,0,0,1,1,0,12-Jan-16,Australia,"India in Australia ODI Series, 2015/16",Australia,India,HOME
CP Tremain,4,3,2,23,23,23,37,62.16,0,0,1,2,1,02-Oct-16,South Africa,"Australia in South Africa ODI Series, 2016/17",Australia,South Africa,AWAY
AJ Tye,4,4,2,23,8,11.5,17,135.29,0,0,0,2,1,14-Jan-18,England,"England in Australia ODI Series, 2017/18",Australia,England,HOME
AJ Finch,3,3,0,22,19,7.33,43,51.16,0,0,1,2,0,04-Dec-16,Australia,"Chappell-Hadlee Trophy [New Zealand in Australia], 2016/17",Australia,New Zealand,HOME
PJ Cummins,3,3,1,22,12,11,46,47.82,0,0,0,1,0,04-Nov-18,South Africa,"South Africa in Australia ODI Series, 2018/19",Australia,South Africa,HOME
A Zampa,2,2,0,22,22,11,27,81.48,0,0,1,2,0,09-Nov-18,South Africa,"South Africa in Australia ODI Series, 2018/19",Australia,South Africa,HOME
MG Johnson,2,1,0,21,21,21,16,131.25,0,0,0,4,0,07-Oct-14,Australia,"Pakistan v Australia ODI Series (in United Arab Emirates), 2014/15",Australia,Pakistan,AWAY
SPD Smith,1,1,0,21,21,21,38,55.26,0,0,0,1,0,27-Aug-15,Australia,"Australia in Ireland ODI Match, 2015",Australia,Ireland,AWAY
JA Richardson,3,3,1,21,14,10.5,34,61.76,0,0,0,0,0,16-Jun-18,England,"Australia in England ODI Series, 2018",Australia,England,AWAY
GJ Maxwell,2,2,0,20,20,10,27,74.07,0,0,1,3,0,30-Jan-17,New Zealand,"Chappell-Hadlee Trophy [Australia in New Zealand], 2016/17",Australia,New Zealand,AWAY
GJ Maxwell,3,1,0,20,20,20,31,64.51,0,0,0,2,0,02-Jun-17,Pakistan,"ICC Champions Trophy (in England), 2017",Australia,Misc,AWAY
KW Richardson,1,1,0,19,19,19,13,146.15,0,0,0,1,2,03-Feb-16,New Zealand,"Chappell-Hadlee Trophy (Australia in New Zealand), 2015/16",Australia,New Zealand,AWAY
MA Starc,4,4,1,19,10,6.33,18,105.55,0,0,0,0,1,13-Jan-17,Australia,"Pakistan in Australia ODI Series, 2016/17",Australia,Pakistan,HOME
MA Starc,3,3,0,18,12,6,19,94.73,0,0,1,3,0,04-Nov-18,South Africa,"South Africa in Australia ODI Series, 2018/19",Australia,South Africa,HOME
JA Richardson,3,2,0,18,16,9,29,62.06,0,0,0,1,0,12-Jan-19,India,"India in Australia ODI Series, 2018/19",Australia,India,HOME
GJ Bailey,4,3,0,17,10,5.66,53,32.07,0,0,0,1,0,16-Jan-15,Australia,"Carlton Mid One-Day International Tri-Series (Australia, England, India in Australia), 2014/15",Australia,Misc,HOME
MA Starc,5,1,0,17,17,17,25,68,0,0,0,1,1,05-Jun-16,Australia,"West Indies Tri-Nation Series (Australia, South Africa, West Indies), 2016",Australia,Misc,AWAY
MA Starc,5,3,1,17,12,8.5,16,106.25,0,0,1,1,1,21-Aug-16,Australia,"Australia in Sri Lanka ODI Series, 2016",Australia,Sri Lanka,AWAY
MG Johnson,2,2,1,16,13,16,15,106.66,0,0,0,2,0,14-Nov-14,Australia,"South Africa in Australia ODI Series, 2014/15",Australia,South Africa,HOME
NM Coulter-Nile,3,3,1,16,15,8,18,88.88,0,0,1,1,0,07-Jun-16,Australia,"West Indies Tri-Nation Series (Australia, South Africa, West Indies), 2016",Australia,Misc,AWAY
PJ Cummins,5,3,1,16,15,8,36,44.44,0,0,1,0,0,13-Jan-17,Australia,"Pakistan in Australia ODI Series, 2016/17",Australia,Pakistan,HOME
CA Lynn,1,1,0,16,16,16,12,133.33,0,0,0,0,1,13-Jan-17,Australia,"Pakistan in Australia ODI Series, 2016/17",Australia,Pakistan,HOME
PJ Cummins,3,3,1,16,12,8,21,76.19,0,0,0,1,0,14-Jan-18,England,"England in Australia ODI Series, 2017/18",Australia,England,HOME
JR Hazlewood,3,3,3,16,10,,21,76.19,0,0,0,2,0,04-Nov-18,South Africa,"South Africa in Australia ODI Series, 2018/19",Australia,South Africa,HOME
KW Richardson,3,3,1,15,14,7.5,27,55.55,0,0,0,0,1,13-Jun-18,England,"Australia in England ODI Series, 2018",Australia,England,AWAY
TM Head,3,3,0,15,8,5,37,40.54,0,0,0,3,0,04-Nov-18,South Africa,"South Africa in Australia ODI Series, 2018/19",Australia,South Africa,HOME
AJ Finch,1,1,0,14,14,14,7,200,0,0,0,1,1,28-Feb-15,New Zealand,"Chappell-Hadlee Trophy (Australia in New Zealand), 2014/15",Australia,New Zealand,AWAY
JW Hastings,3,2,2,13,8,,13,100,0,0,0,2,0,28-Aug-16,Australia,"Australia in Sri Lanka ODI Series, 2016",Australia,Sri Lanka,AWAY
JP Faulkner,2,1,0,13,13,13,13,100,0,0,0,1,0,06-Dec-16,Australia,"Chappell-Hadlee Trophy [New Zealand in Australia], 2016/17",Australia,New Zealand,HOME
MJ Clarke,1,1,0,12,12,12,18,66.66,0,0,0,1,0,28-Feb-15,New Zealand,"Chappell-Hadlee Trophy (Australia in New Zealand), 2014/15",Australia,New Zealand,AWAY
NM Lyon,2,1,1,12,12,,5,240,0,0,0,1,1,12-Jan-19,India,"India in Australia ODI Series, 2018/19",Australia,India,HOME
KW Richardson,3,2,2,11,9,,5,220,0,0,0,1,0,07-Oct-14,Australia,"Pakistan v Australia ODI Series (in United Arab Emirates), 2014/15",Australia,Pakistan,AWAY
MJ Clarke,1,1,0,11,11,11,20,55,0,0,0,1,0,14-Nov-14,Australia,"South Africa in Australia ODI Series, 2014/15",Australia,South Africa,HOME
NM Coulter-Nile,3,2,1,11,9,11,18,61.11,0,0,0,1,0,14-Nov-14,Australia,"South Africa in Australia ODI Series, 2014/15",Australia,South Africa,HOME
MR Marsh,1,1,0,11,11,11,15,73.33,0,0,0,1,0,27-Aug-15,Australia,"Australia in Ireland ODI Match, 2015",Australia,Ireland,AWAY
JR Hazlewood,7,2,2,11,11,,11,100,0,0,0,2,0,05-Jun-16,Australia,"West Indies Tri-Nation Series (Australia, South Africa, West Indies), 2016",Australia,Misc,AWAY
MA Starc,3,2,1,11,11,11,5,220,0,0,0,2,0,04-Dec-16,Australia,"Chappell-Hadlee Trophy [New Zealand in Australia], 2016/17",Australia,New Zealand,HOME
PJ Cummins,5,3,1,11,9,5.5,10,110,0,0,1,1,0,17-Sep-17,India,"Australia in India ODI Series, 2017/18",Australia,India,AWAY
A Zampa,4,1,0,11,11,11,17,64.7,0,0,0,1,0,14-Jan-18,England,"England in Australia ODI Series, 2017/18",Australia,England,HOME
MC Henriques,2,2,0,10,6,5,23,43.47,0,0,0,0,0,21-Aug-16,Australia,"Australia in Sri Lanka ODI Series, 2016",Australia,Sri Lanka,AWAY
A Zampa,5,2,1,10,5,10,22,45.45,0,0,0,1,0,21-Aug-16,Australia,"Australia in Sri Lanka ODI Series, 2016",Australia,Sri Lanka,AWAY
NM Coulter-Nile,5,3,0,10,8,3.33,26,38.46,0,0,1,0,0,17-Sep-17,India,"Australia in India ODI Series, 2017/18",Australia,India,AWAY
PM Siddle,3,2,1,10,10,10,12,83.33,0,0,1,1,0,12-Jan-19,India,"India in Australia ODI Series, 2018/19",Australia,India,HOME
AC Agar,2,2,1,9,9,9,7,128.57,0,0,1,1,0,21-Sep-17,India,"Australia in India ODI Series, 2017/18",Australia,India,AWAY
NM Lyon,4,2,2,8,8,,3,266.66,0,0,0,0,1,25-Aug-14,South Africa,"Zimbabwe Triangular Series (Australia, South Africa, Zimbabwe), 2014",Australia,Misc,AWAY
MG Neser,2,2,0,8,6,4,16,50,0,0,0,0,0,13-Jun-18,England,"Australia in England ODI Series, 2018",Australia,England,AWAY
A Zampa,1,1,0,8,8,8,14,57.14,0,0,0,0,0,18-Jan-19,India,"India in Australia ODI Series, 2018/19",Australia,India,HOME
PJ Cummins,2,1,1,7,7,,30,23.33,0,0,0,1,0,28-Feb-15,Australia,"ICC Cricket World Cup (in Australia/New Zealand), 2014/15",Australia,Misc,HOME
PJ Cummins,1,1,1,7,7,,30,23.33,0,0,0,1,0,28-Feb-15,New Zealand,"Chappell-Hadlee Trophy (Australia in New Zealand), 2014/15",Australia,New Zealand,AWAY
SM Boland,3,3,1,7,4,3.5,10,70,0,0,1,0,0,30-Sep-16,South Africa,"Australia in South Africa ODI Series, 2016/17",Australia,South Africa,AWAY
PSP Handscomb,2,2,0,7,7,3.5,9,77.77,0,0,1,1,0,30-Jan-17,New Zealand,"Chappell-Hadlee Trophy [Australia in New Zealand], 2016/17",Australia,New Zealand,AWAY
GJ Maxwell,3,3,0,6,6,2,15,40,0,0,2,1,0,03-Feb-16,New Zealand,"Chappell-Hadlee Trophy (Australia in New Zealand), 2015/16",Australia,New Zealand,AWAY
UT Khawaja,2,2,0,6,6,3,8,75,0,0,1,1,0,31-Aug-16,Australia,"Australia in Sri Lanka ODI Series, 2016",Australia,Sri Lanka,AWAY
DJ Worrall,2,1,1,6,6,,4,150,0,0,0,1,0,30-Sep-16,South Africa,"Australia in South Africa ODI Series, 2016/17",Australia,South Africa,AWAY
PJ Hughes,1,1,0,5,5,5,14,35.71,0,0,0,0,0,12-Oct-14,Australia,"Pakistan v Australia ODI Series (in United Arab Emirates), 2014/15",Australia,Pakistan,AWAY
MA Starc,1,1,0,5,5,5,7,71.42,0,0,0,0,0,12-Oct-14,Australia,"Pakistan v Australia ODI Series (in United Arab Emirates), 2014/15",Australia,Pakistan,AWAY
AC Agar,2,1,0,5,5,5,15,33.33,0,0,0,0,0,08-Sep-15,Australia,"Australia in England ODI Series, 2015",Australia,England,AWAY
PJ Cummins,5,1,0,5,5,5,5,100,0,0,0,0,0,03-Sep-15,Australia,"Australia in England ODI Series, 2015",Australia,England,AWAY
JR Hazlewood,3,2,2,5,5,,5,100,0,0,0,1,0,03-Feb-16,New Zealand,"Chappell-Hadlee Trophy (Australia in New Zealand), 2015/16",Australia,New Zealand,AWAY
SE Marsh,1,1,0,5,5,5,8,62.5,0,0,0,1,0,03-Feb-16,New Zealand,"Chappell-Hadlee Trophy (Australia in New Zealand), 2015/16",Australia,New Zealand,AWAY
JP Faulkner,4,2,2,5,4,,4,125,0,0,0,0,0,11-Jun-16,Australia,"West Indies Tri-Nation Series (Australia, South Africa, West Indies), 2016",Australia,Misc,AWAY
A Zampa,5,2,0,5,5,2.5,7,71.42,0,0,1,0,0,05-Jun-16,Australia,"West Indies Tri-Nation Series (Australia, South Africa, West Indies), 2016",Australia,Misc,AWAY
A Zampa,3,1,1,5,5,,4,125,0,0,0,0,0,17-Sep-17,India,"Australia in India ODI Series, 2017/18",Australia,India,AWAY
MC Henriques,1,1,0,4,4,4,11,36.36,0,0,0,0,0,23-Jan-15,Australia,"Carlton Mid One-Day International Tri-Series (Australia, England, India in Australia), 2014/15",Australia,Misc,HOME
SPD Smith,1,1,0,4,4,4,11,36.36,0,0,0,0,0,28-Feb-15,New Zealand,"Chappell-Hadlee Trophy (Australia in New Zealand), 2014/15",Australia,New Zealand,AWAY
MP Stoinis,1,1,0,4,4,4,5,80,0,0,0,0,0,11-Sep-15,Australia,"Australia in England ODI Series, 2015",Australia,England,AWAY
NM Lyon,1,1,1,4,4,,6,66.66,0,0,0,0,0,24-Aug-16,Australia,"Australia in Sri Lanka ODI Series, 2016",Australia,Sri Lanka,AWAY
MR Marsh,2,2,0,4,4,2,18,22.22,0,0,1,0,0,13-Jan-17,Australia,"Pakistan in Australia ODI Series, 2016/17",Australia,Pakistan,HOME
JR Hazlewood,2,2,0,4,4,2,5,80,0,0,1,1,0,30-Jan-17,New Zealand,"Chappell-Hadlee Trophy [Australia in New Zealand], 2016/17",Australia,New Zealand,AWAY
SD Heazlett,1,1,0,4,4,4,11,36.36,0,0,0,0,0,30-Jan-17,New Zealand,"Chappell-Hadlee Trophy [Australia in New Zealand], 2016/17",Australia,New Zealand,AWAY
PJ Cummins,3,1,0,4,4,4,7,57.14,0,0,0,0,0,02-Jun-17,Pakistan,"ICC Champions Trophy (in England), 2017",Australia,Misc,AWAY
NM Lyon,2,2,1,4,3,4,13,30.76,0,0,0,0,0,21-Jun-18,England,"Australia in England ODI Series, 2018",Australia,England,AWAY
SA Abbott,1,1,0,3,3,3,7,42.85,0,0,0,0,0,07-Oct-14,Australia,"Pakistan v Australia ODI Series (in United Arab Emirates), 2014/15",Australia,Pakistan,AWAY
MG Johnson,1,1,0,3,3,3,10,30,0,0,0,0,0,01-Feb-15,Australia,"Carlton Mid One-Day International Tri-Series (Australia, England, India in Australia), 2014/15",Australia,Misc,HOME
MA Starc,4,3,1,3,3,1.5,8,37.5,0,0,1,0,0,14-Jan-18,England,"England in Australia ODI Series, 2017/18",Australia,England,HOME
B Stanlake,4,3,1,3,2,1.5,20,15,0,0,0,0,0,13-Jun-18,England,"Australia in England ODI Series, 2018",Australia,England,AWAY
GJ Maxwell,1,1,0,2,2,2,6,33.33,0,0,0,0,0,27-Aug-15,Australia,"Australia in Ireland ODI Match, 2015",Australia,Ireland,AWAY
MS Wade,1,1,1,2,2,,2,100,0,0,0,0,0,27-Aug-15,Australia,"Australia in Ireland ODI Match, 2015",Australia,Ireland,AWAY
JL Pattinson,2,1,1,2,2,,8,25,0,0,0,0,0,08-Sep-15,Australia,"Australia in England ODI Series, 2015",Australia,England,AWAY
JW Hastings,4,3,3,2,2,,3,66.66,0,0,0,0,0,15-Jan-16,Australia,"India in Australia ODI Series, 2015/16",Australia,India,HOME
SM Boland,2,1,0,2,2,2,12,16.66,0,0,0,0,0,06-Feb-16,New Zealand,"Chappell-Hadlee Trophy (Australia in New Zealand), 2015/16",Australia,New Zealand,AWAY
A Zampa,2,1,0,2,2,2,11,18.18,0,0,0,0,0,06-Feb-16,New Zealand,"Chappell-Hadlee Trophy (Australia in New Zealand), 2015/16",Australia,New Zealand,AWAY
A Zampa,1,1,1,2,2,,2,100,0,0,0,0,0,04-Dec-16,Australia,"Chappell-Hadlee Trophy [New Zealand in Australia], 2016/17",Australia,New Zealand,HOME
MS Wade,3,1,0,2,2,2,3,66.66,0,0,0,0,0,02-Jun-17,Pakistan,"ICC Champions Trophy (in England), 2017",Australia,Misc,AWAY
HWR Cartwright,2,2,0,2,1,1,23,8.69,0,0,0,0,0,17-Sep-17,India,"Australia in India ODI Series, 2017/18",Australia,India,AWAY
XJ Doherty,2,1,1,1,1,,1,100,0,0,0,0,0,10-Oct-14,Australia,"Pakistan v Australia ODI Series (in United Arab Emirates), 2014/15",Australia,Pakistan,AWAY
PJ Cummins,2,2,1,1,1,1,5,20,0,0,1,0,0,21-Nov-14,Australia,"South Africa in Australia ODI Series, 2014/15",Australia,South Africa,HOME
MA Starc,3,1,1,1,1,,5,20,0,0,0,0,0,19-Nov-14,Australia,"South Africa in Australia ODI Series, 2014/15",Australia,South Africa,HOME
MA Starc,5,3,3,1,1,,1,100,0,0,0,0,0,16-Jan-15,Australia,"Carlton Mid One-Day International Tri-Series (Australia, England, India in Australia), 2014/15",Australia,Misc,HOME
MG Johnson,1,1,0,1,1,1,7,14.28,0,0,0,0,0,28-Feb-15,New Zealand,"Chappell-Hadlee Trophy (Australia in New Zealand), 2014/15",Australia,New Zealand,AWAY
GJ Maxwell,1,1,0,1,1,1,3,33.33,0,0,0,0,0,28-Feb-15,New Zealand,"Chappell-Hadlee Trophy (Australia in New Zealand), 2014/15",Australia,New Zealand,AWAY
GJ Bailey,1,1,0,1,1,1,7,14.28,0,0,0,0,0,27-Aug-15,Australia,"Australia in Ireland ODI Match, 2015",Australia,Ireland,AWAY
MA Starc,4,1,0,1,1,1,4,25,0,0,0,0,0,03-Sep-15,Australia,"Australia in England ODI Series, 2015",Australia,England,AWAY
TM Head,1,1,0,1,1,1,2,50,0,0,0,0,0,13-Jun-16,Australia,"West Indies Tri-Nation Series (Australia, South Africa, West Indies), 2016",Australia,Misc,AWAY
SE Marsh,1,1,0,1,1,1,8,12.5,0,0,0,0,0,28-Aug-16,Australia,"Australia in Sri Lanka ODI Series, 2016",Australia,Sri Lanka,AWAY
JM Mennie,2,2,0,1,1,0.5,4,25,0,0,1,0,0,02-Oct-16,South Africa,"Australia in South Africa ODI Series, 2016/17",Australia,South Africa,AWAY
B Stanlake,2,1,1,1,1,,6,16.66,0,0,0,0,0,13-Jan-17,Australia,"Pakistan in Australia ODI Series, 2016/17",Australia,Pakistan,HOME
A Zampa,1,1,0,1,1,1,5,20,0,0,0,0,0,05-Feb-17,New Zealand,"Chappell-Hadlee Trophy [Australia in New Zealand], 2016/17",Australia,New Zealand,AWAY
JR Hazlewood,3,1,1,1,1,,5,20,0,0,0,0,0,02-Jun-17,Pakistan,"ICC Champions Trophy (in England), 2017",Australia,Misc,AWAY
JP Behrendorff,2,1,1,1,1,,1,100,0,0,0,0,0,12-Jan-19,India,"India in Australia ODI Series, 2018/19",Australia,India,HOME
JR Hazlewood,4,1,1,0,0,,4,0,0,0,0,0,0,14-Nov-14,Australia,"South Africa in Australia ODI Series, 2014/15",Australia,South Africa,HOME
CL White,1,1,0,0,0,0,2,0,0,0,1,0,0,23-Jan-15,Australia,"Carlton Mid One-Day International Tri-Series (Australia, England, India in Australia), 2014/15",Australia,Misc,HOME
XJ Doherty,1,1,1,0,0,,1,0,0,0,0,0,0,08-Mar-15,Australia,"ICC Cricket World Cup (in Australia/New Zealand), 2014/15",Australia,Misc,HOME
MA Starc,8,3,1,0,0,0,3,0,0,0,2,0,0,14-Feb-15,Australia,"ICC Cricket World Cup (in Australia/New Zealand), 2014/15",Australia,Misc,HOME
MR Marsh,1,1,0,0,0,0,2,0,0,0,1,0,0,28-Feb-15,New Zealand,"Chappell-Hadlee Trophy (Australia in New Zealand), 2014/15",Australia,New Zealand,AWAY
MA Starc,1,1,0,0,0,0,3,0,0,0,1,0,0,28-Feb-15,New Zealand,"Chappell-Hadlee Trophy (Australia in New Zealand), 2014/15",Australia,New Zealand,AWAY
NM Coulter-Nile,2,1,1,0,0,,0,,0,0,0,0,0,03-Sep-15,Australia,"Australia in England ODI Series, 2015",Australia,England,AWAY
PJ Cummins,3,1,1,0,0,,1,0,0,0,0,0,0,04-Dec-16,Australia,"Chappell-Hadlee Trophy [New Zealand in Australia], 2016/17",Australia,New Zealand,HOME
JR Hazlewood,4,1,1,0,0,,3,0,0,0,0,0,0,15-Jan-17,Australia,"Pakistan in Australia ODI Series, 2016/17",Australia,Pakistan,HOME
MA Starc,3,1,0,0,0,0,3,0,0,0,1,0,0,02-Jun-17,Pakistan,"ICC Champions Trophy (in England), 2017",Australia,Misc,AWAY
A Zampa,2,1,0,0,0,0,3,0,0,0,1,0,0,05-Jun-17,Pakistan,"ICC Champions Trophy (in England), 2017",Australia,Misc,AWAY
KW Richardson,3,1,0,0,0,0,7,0,0,0,1,0,0,21-Sep-17,India,"Australia in India ODI Series, 2017/18",Australia,India,AWAY
JR Hazlewood,3,1,1,0,0,,3,0,0,0,0,0,0,21-Jan-18,England,"England in Australia ODI Series, 2017/18",Australia,England,HOME
DJM Short,1,1,0,0,0,0,2,0,0,0,1,0,0,04-Nov-18,South Africa,"South Africa in Australia ODI Series, 2018/19",Australia,South Africa,HOME
B Stanlake,1,1,0,0,0,0,2,0,0,0,1,0,0,18-Jan-19,India,"India in Australia ODI Series, 2018/19",Australia,India,HOME
KW Richardson,3,,,,,,,,,,,,,25-Aug-14,South Africa,"Zimbabwe Triangular Series (Australia, South Africa, Zimbabwe), 2014",Australia,Misc,AWAY
NM Lyon,2,,,,,,,,,,,,,07-Oct-14,Australia,"Pakistan v Australia ODI Series (in United Arab Emirates), 2014/15",Australia,Pakistan,AWAY
XJ Doherty,1,,,,,,,,,,,,,19-Nov-14,Australia,"South Africa in Australia ODI Series, 2014/15",Australia,South Africa,HOME
KW Richardson,1,,,,,,,,,,,,,19-Nov-14,Australia,"South Africa in Australia ODI Series, 2014/15",Australia,South Africa,HOME
PJ Cummins,3,,,,,,,,,,,,,16-Jan-15,Australia,"Carlton Mid One-Day International Tri-Series (Australia, England, India in Australia), 2014/15",Australia,Misc,HOME
XJ Doherty,2,,,,,,,,,,,,,16-Jan-15,Australia,"Carlton Mid One-Day International Tri-Series (Australia, England, India in Australia), 2014/15",Australia,Misc,HOME
JR Hazlewood,2,,,,,,,,,,,,,26-Jan-15,Australia,"Carlton Mid One-Day International Tri-Series (Australia, England, India in Australia), 2014/15",Australia,Misc,HOME
GS Sandhu,2,,,,,,,,,,,,,18-Jan-15,Australia,"Carlton Mid One-Day International Tri-Series (Australia, England, India in Australia), 2014/15",Australia,Misc,HOME
JR Hazlewood,5,,,,,,,,,,,,,14-Feb-15,Australia,"ICC Cricket World Cup (in Australia/New Zealand), 2014/15",Australia,Misc,HOME
NM Coulter-Nile,1,,,,,,,,,,,,,27-Aug-15,Australia,"Australia in Ireland ODI Match, 2015",Australia,Ireland,AWAY
PJ Cummins,1,,,,,,,,,,,,,27-Aug-15,Australia,"Australia in Ireland ODI Match, 2015",Australia,Ireland,AWAY
MA Starc,1,,,,,,,,,,,,,27-Aug-15,Australia,"Australia in Ireland ODI Match, 2015",Australia,Ireland,AWAY
SM Boland,4,,,,,,,,,,,,,12-Jan-16,Australia,"India in Australia ODI Series, 2015/16",Australia,India,HOME
JR Hazlewood,1,,,,,,,,,,,,,12-Jan-16,Australia,"India in Australia ODI Series, 2015/16",Australia,India,HOME
NM Lyon,2,,,,,,,,,,,,,20-Jan-16,Australia,"India in Australia ODI Series, 2015/16",Australia,India,HOME
JS Paris,2,,,,,,,,,,,,,12-Jan-16,Australia,"India in Australia ODI Series, 2015/16",Australia,India,HOME
KW Richardson,3,,,,,,,,,,,,,15-Jan-16,Australia,"India in Australia ODI Series, 2015/16",Australia,India,HOME
SM Boland,2,,,,,,,,,,,,,19-Jun-16,Australia,"West Indies Tri-Nation Series (Australia, South Africa, West Indies), 2016",Australia,Misc,AWAY
SM Boland,2,,,,,,,,,,,,,31-Aug-16,Australia,"Australia in Sri Lanka ODI Series, 2016",Australia,Sri Lanka,AWAY
JR Hazlewood,2,,,,,,,,,,,,,21-Aug-16,Australia,"Australia in Sri Lanka ODI Series, 2016",Australia,Sri Lanka,AWAY
GJ Bailey,1,,,,,,,,,,,,,27-Sep-16,Australia,"Australia v Ireland ODI Match (in South Africa), 2016/17",Australia,Ireland,AWAY
SM Boland,1,,,,,,,,,,,,,27-Sep-16,Australia,"Australia v Ireland ODI Match (in South Africa), 2016/17",Australia,Ireland,AWAY
JW Hastings,1,,,,,,,,,,,,,27-Sep-16,Australia,"Australia v Ireland ODI Match (in South Africa), 2016/17",Australia,Ireland,AWAY
TM Head,1,,,,,,,,,,,,,27-Sep-16,Australia,"Australia v Ireland ODI Match (in South Africa), 2016/17",Australia,Ireland,AWAY
MR Marsh,1,,,,,,,,,,,,,27-Sep-16,Australia,"Australia v Ireland ODI Match (in South Africa), 2016/17",Australia,Ireland,AWAY
MS Wade,1,,,,,,,,,,,,,27-Sep-16,Australia,"Australia v Ireland ODI Match (in South Africa), 2016/17",Australia,Ireland,AWAY
DJ Worrall,1,,,,,,,,,,,,,27-Sep-16,Australia,"Australia v Ireland ODI Match (in South Africa), 2016/17",Australia,Ireland,AWAY
A Zampa,1,,,,,,,,,,,,,27-Sep-16,Australia,"Australia v Ireland ODI Match (in South Africa), 2016/17",Australia,Ireland,AWAY
JR Hazlewood,3,,,,,,,,,,,,,04-Dec-16,Australia,"Chappell-Hadlee Trophy [New Zealand in Australia], 2016/17",Australia,New Zealand,HOME
A Zampa,2,,,,,,,,,,,,,22-Jan-17,Australia,"Pakistan in Australia ODI Series, 2016/17",Australia,Pakistan,HOME
JW Hastings,1,,,,,,,,,,,,,02-Jun-17,Pakistan,"ICC Champions Trophy (in England), 2017",Australia,Misc,AWAY
JA Richardson,1,,,,,,,,,,,,,19-Jan-18,England,"England in Australia ODI Series, 2017/18",Australia,England,HOME
